id,customer_code,name,email,region
a0e0f6d9-166e-45aa-8245-40e5a02d0c55,CUST-1001,Customer 1,customer1@example.com,Europe
aeae905d-1b3b-4f89-8bef-91c5b4586b51,CUST-1002,Customer 2,customer2@example.com,Latin America
26b4c7ae-9a11-49c7-a875-967e3fbac83e,CUST-1003,Customer 3,customer3@example.com,North America
ee160220-9672-4183-aa1a-cdd1048fbb6a,CUST-1004,Customer 4,customer4@example.com,North America
4bfed311-8f6e-461f-9ee1-6fcf22cc9b4f,CUST-1005,Customer 5,customer5@example.com,Latin America
bf8f8a2e-ba56-4410-a521-97deb6d00dad,CUST-1006,Customer 6,customer6@example.com,Europe
254b299a-febb-4487-bc65-ba8f30dd63b9,CUST-1007,Customer 7,customer7@example.com,Latin America
8de207d5-5a1b-4b87-9550-c335e7c402f3,CUST-1008,Customer 8,customer8@example.com,Europe
73725ace-c2a0-4ab7-a116-a248233137cc,CUST-1009,Customer 9,customer9@example.com,Asia-Pacific
ee95f507-92c5-4ffc-9c03-85d2dd64240b,CUST-1010,Customer 10,customer10@example.com,North America
c1c77a82-c280-4872-8c09-9c7752f7fa07,CUST-1011,Customer 11,customer11@example.com,Asia-Pacific
d2733d94-d702-46f2-87d7-445b8482d239,CUST-1012,Customer 12,customer12@example.com,Asia-Pacific
2cc9e68d-106a-4d5b-8498-6c6472df6be4,CUST-1013,Customer 13,customer13@example.com,Latin America
219d2646-fad0-467f-b6c9-c082c5dc0b0e,CUST-1014,Customer 14,customer14@example.com,Europe
896cc42a-40f0-43eb-b23f-a05ef0e149a3,CUST-1015,Customer 15,customer15@example.com,Latin America
03a1d475-19f5-4957-a090-d8c662612018,CUST-1016,Customer 16,customer16@example.com,Asia-Pacific
c6d7af07-8be3-4eb2-922b-6a7b620e5db6,CUST-1017,Customer 17,customer17@example.com,Asia-Pacific
10eb0537-7b03-4660-99ab-ea8012d1b6d0,CUST-1018,Customer 18,customer18@example.com,Asia-Pacific
e2351305-fc23-448e-95f9-64e364b77e2c,CUST-1019,Customer 19,customer19@example.com,Asia-Pacific
02849ea3-f7c1-4821-9432-d8f3cb7cdf79,CUST-1020,Customer 20,customer20@example.com,North America
7fd30fcb-c526-4218-9819-512a0ae85515,CUST-1021,Customer 21,customer21@example.com,North America
29a876ba-1ae6-4962-8594-34234067049c,CUST-1022,Customer 22,customer22@example.com,Asia-Pacific
4420a7bb-9038-4cdb-9a5f-cdce62170bb8,CUST-1023,Customer 23,customer23@example.com,North America
de556887-a4fc-4518-846a-8992b69a5e30,CUST-1024,Customer 24,customer24@example.com,Europe
505d5054-6063-4851-8a66-3b1d6d3079e8,CUST-1025,Customer 25,customer25@example.com,Europe
fc4de5d2-ab92-4683-8544-582bce18ca1d,CUST-1026,Customer 26,customer26@example.com,Europe
783853c0-5177-42fd-a58c-7eb6534a9866,CUST-1027,Customer 27,customer27@example.com,North America
adc3bde2-9b11-4cb0-b91d-a13a7b71137d,CUST-1028,Customer 28,customer28@example.com,Asia-Pacific
5f0587f7-5478-4d98-b34b-054f5cdb1930,CUST-1029,Customer 29,customer29@example.com,Asia-Pacific
dfc4b4e1-fc03-4538-87b5-5a53329ae2c7,CUST-1030,Customer 30,customer30@example.com,Asia-Pacific
047a4769-d9f8-4b1d-8269-7af65260e021,CUST-1031,Customer 31,customer31@example.com,Latin America
ae40465c-7d33-4e95-a766-bd9032bda1d1,CUST-1032,Customer 32,customer32@example.com,Europe
3dbc83eb-5162-4261-b7c3-e56006fe4e95,CUST-1033,Customer 33,customer33@example.com,Latin America
b9507172-a17e-43ab-b593-1148522a386d,CUST-1034,Customer 34,customer34@example.com,Latin America
da0ef8fa-1854-46d9-aad9-47f166080399,CUST-1035,Customer 35,customer35@example.com,Asia-Pacific
4d5b602c-9200-4a0c-95ca-79735db28416,CUST-1036,Customer 36,customer36@example.com,North America
560eedbf-8f2a-476d-9d41-c24a59117fee,CUST-1037,Customer 37,customer37@example.com,Latin America
60116266-9ceb-4e73-9164-76aa841e6c4e,CUST-1038,Customer 38,customer38@example.com,Europe
7e2ea7d5-6b3c-43de-b29a-921ab454bb6b,CUST-1039,Customer 39,customer39@example.com,Europe
6c76160f-15c7-449a-b9dc-b69b50a7de94,CUST-1040,Customer 40,customer40@example.com,Europe
ef312edc-92a0-4c63-ba7e-6f2ccbf234ae,CUST-1041,Customer 41,customer41@example.com,Europe
ce4f4752-b3b0-4ac7-aff1-e4f53cad85ae,CUST-1042,Customer 42,customer42@example.com,North America
e3d9ceff-bcf4-452f-a070-22a6f88cfe7a,CUST-1043,Customer 43,customer43@example.com,Asia-Pacific
8f6ee0ba-0d20-4792-b1ae-0e3c58fa159b,CUST-1044,Customer 44,customer44@example.com,Europe
d84c66f2-7869-45ad-a96d-4d67941ca5b2,CUST-1045,Customer 45,customer45@example.com,Asia-Pacific
da68d73f-8d0b-4bce-b709-5ca4217d218a,CUST-1046,Customer 46,customer46@example.com,Asia-Pacific
9e05f53c-940e-4c91-a759-396fda5017d1,CUST-1047,Customer 47,customer47@example.com,North America
f872125e-b976-4052-9b1a-13e9a99d61f7,CUST-1048,Customer 48,customer48@example.com,North America
cbab0a4c-190b-485b-8698-2573dda85fab,CUST-1049,Customer 49,customer49@example.com,Asia-Pacific
4b912074-e32e-482a-8ea2-5011697943c4,CUST-1050,Customer 50,customer50@example.com,North America
a9ff92af-dea5-4d60-89b1-37aa5500818d,CUST-1051,Customer 51,customer51@example.com,Asia-Pacific
f8de3f44-1317-412c-8a76-c1456af74970,CUST-1052,Customer 52,customer52@example.com,Asia-Pacific
ab357c8d-53d4-4bdb-a281-4f85446fb849,CUST-1053,Customer 53,customer53@example.com,Latin America
265313c2-489f-4e58-8fa9-f525c0811f19,CUST-1054,Customer 54,customer54@example.com,Latin America
53a63db3-5b3f-4bef-8e39-d1162a4d248d,CUST-1055,Customer 55,customer55@example.com,Asia-Pacific
62e84bfa-cc2d-45f1-a5e7-11c98861bbca,CUST-1056,Customer 56,customer56@example.com,Latin America
fdccb4a6-d388-4eb3-8765-e511b7dad032,CUST-1057,Customer 57,customer57@example.com,Europe
eb1ab91d-6e0c-4ffa-b48b-12e60a5d0a81,CUST-1058,Customer 58,customer58@example.com,North America
17a17fb0-c234-4805-bd0a-c03353d08bab,CUST-1059,Customer 59,customer59@example.com,North America
b423d7ba-5a26-425d-8fd1-79b94262b849,CUST-1060,Customer 60,customer60@example.com,Latin America
045aec22-ea11-468a-891f-ca9f20340f03,CUST-1061,Customer 61,customer61@example.com,Europe
6574bb14-2a0e-42af-af8f-a33d9891af0e,CUST-1062,Customer 62,customer62@example.com,North America
b4b6f339-4ad8-4a9b-b71d-8b41af31190a,CUST-1063,Customer 63,customer63@example.com,Asia-Pacific
13a3cca5-cc79-4ba2-8a07-4e96d6818589,CUST-1064,Customer 64,customer64@example.com,North America
8c380f35-205c-41aa-8d27-caab897ffe8d,CUST-1065,Customer 65,customer65@example.com,North America
0e107795-5385-4c54-9a97-76e8a97b770c,CUST-1066,Customer 66,customer66@example.com,Latin America
1a2ea3b4-f866-46a6-8753-2b569d5f73d8,CUST-1067,Customer 67,customer67@example.com,Europe
c71730ca-a2cf-4413-ae0d-ee844416d433,CUST-1068,Customer 68,customer68@example.com,Asia-Pacific
99f23e2a-3e7f-450f-875f-024d248d7fd0,CUST-1069,Customer 69,customer69@example.com,Asia-Pacific
83baa17b-4f22-4202-9917-3d4af1e62717,CUST-1070,Customer 70,customer70@example.com,Latin America
1a54bf19-628f-4bd2-882d-4ad5ce57e68b,CUST-1071,Customer 71,customer71@example.com,Asia-Pacific
29d7ec84-503e-4bce-9660-225420eae903,CUST-1072,Customer 72,customer72@example.com,Latin America
7a8b99a9-3540-4eb5-8084-3c075f9f8d2b,CUST-1073,Customer 73,customer73@example.com,North America
f2bad294-c3b3-4b19-b6c9-f2cc31a2c7e8,CUST-1074,Customer 74,customer74@example.com,Latin America
9ece0915-72c3-4292-b9d5-8cbe2aac1c69,CUST-1075,Customer 75,customer75@example.com,North America
5a5a058d-fc78-4b01-ba39-8ba5fbf80edd,CUST-1076,Customer 76,customer76@example.com,Europe
81370ed9-1b1b-4d93-9776-3d16631d2ff9,CUST-1077,Customer 77,customer77@example.com,Asia-Pacific
883fbffd-3394-4925-b895-d939e06dc8f0,CUST-1078,Customer 78,customer78@example.com,North America
6a28f6c5-a142-4420-a22e-314fb70928ac,CUST-1079,Customer 79,customer79@example.com,Asia-Pacific
dee1be6e-7782-40fb-b9e1-29435c681dab,CUST-1080,Customer 80,customer80@example.com,Europe
8a84d16b-1fbe-4fbe-a2e6-933ce1313e23,CUST-1081,Customer 81,customer81@example.com,Asia-Pacific
e8848a26-698c-4b95-8b59-74b9cb3258d2,CUST-1082,Customer 82,customer82@example.com,Asia-Pacific
e0b48299-969d-4821-a617-28ddd9a9bdb2,CUST-1083,Customer 83,customer83@example.com,Europe
a4349253-1934-43b5-904b-16180cd73867,CUST-1084,Customer 84,customer84@example.com,Latin America
258f77c0-b090-4331-8f32-93173d27298c,CUST-1085,Customer 85,customer85@example.com,Latin America
7addc79c-bf33-4bc4-9dd6-5afb587e3e28,CUST-1086,Customer 86,customer86@example.com,Europe
510714c3-b696-4afe-a997-a3996472b19b,CUST-1087,Customer 87,customer87@example.com,Europe
0aee27c3-9612-42e4-99c1-fe49214add52,CUST-1088,Customer 88,customer88@example.com,Latin America
bcbd5a96-17ec-4269-b3a9-e082682679d8,CUST-1089,Customer 89,customer89@example.com,Asia-Pacific
b2e5b5d2-e4ed-45b9-be67-f5302412df3a,CUST-1090,Customer 90,customer90@example.com,Latin America
330cc5b2-c249-42c7-b360-6dbb41534b8f,CUST-1091,Customer 91,customer91@example.com,Asia-Pacific
c2f49716-ee02-451d-8391-7df0e25f4dd9,CUST-1092,Customer 92,customer92@example.com,North America
47df82bc-7e4f-44fa-8f7c-068b48b4c56c,CUST-1093,Customer 93,customer93@example.com,North America
89440558-be33-4168-b398-07c0fe56d1c6,CUST-1094,Customer 94,customer94@example.com,Latin America
5a94bd94-dce9-47cb-97cc-4fb880144b46,CUST-1095,Customer 95,customer95@example.com,Asia-Pacific
a87cc3fa-13c7-4d9b-b43d-1e2ae50ca6c3,CUST-1096,Customer 96,customer96@example.com,Europe
8dcc76be-c793-4e2c-a5ad-c1787213caf2,CUST-1097,Customer 97,customer97@example.com,Asia-Pacific
ac9a8801-0aa1-4f71-af3b-6ffb7ee48c04,CUST-1098,Customer 98,customer98@example.com,Latin America
7a32e3ad-d95c-4345-9693-da7c727081f0,CUST-1099,Customer 99,customer99@example.com,Asia-Pacific
00a5d3b1-015a-441b-9645-5bf8bea487ed,CUST-1100,Customer 100,customer100@example.com,Europe
