id,order_number,customer_id,order_date,total_amount,region
cb26ffcd-598b-4adc-bcc1-311612506e85,ORD-10001,9ece0915-72c3-4292-b9d5-8cbe2aac1c69,2026-07-09 10:51:51.981843,450,North America
a0f4b0f0-751a-4d7b-98ac-f55f2caa0d7c,ORD-10002,510714c3-b696-4afe-a997-a3996472b19b,2025-12-10 23:51:51.981843,270,Europe
fc0608d2-836a-4df9-be88-4902da98126b,ORD-10003,ae40465c-7d33-4e95-a766-bd9032bda1d1,2025-12-22 08:51:51.981843,4200,Europe
69fd3655-112a-4b05-8a8c-7845ee4b635d,ORD-10004,6574bb14-2a0e-42af-af8f-a33d9891af0e,2026-09-08 10:51:51.981843,1030,North America
7b874307-7758-447a-9427-ab0d198a62b4,ORD-10005,883fbffd-3394-4925-b895-d939e06dc8f0,2026-05-12 21:51:51.981843,1340,North America
d2c64684-ec98-4951-ae04-db151048d097,ORD-10006,03a1d475-19f5-4957-a090-d8c662612018,2026-08-22 03:51:51.981843,290,Asia-Pacific
6f54f20b-0059-42ec-854f-982f34da8f9a,ORD-10007,c6d7af07-8be3-4eb2-922b-6a7b620e5db6,2026-02-01 05:51:51.981843,400,Asia-Pacific
e030d9f5-0838-476e-a7e4-6f49d8e9d433,ORD-10008,5a5a058d-fc78-4b01-ba39-8ba5fbf80edd,2026-04-26 18:51:51.981843,390,Europe
2c9d92b9-9915-457c-afe2-8da41d5410ce,ORD-10009,6c76160f-15c7-449a-b9dc-b69b50a7de94,2025-12-19 12:51:51.981843,80,Europe
6ee461ba-3f12-45d0-b0bf-aafeabbda61b,ORD-10010,510714c3-b696-4afe-a997-a3996472b19b,2026-09-08 11:51:51.981843,3040,Europe
4a14de52-4f46-4875-b546-ea06c28792b1,ORD-10011,c6d7af07-8be3-4eb2-922b-6a7b620e5db6,2026-01-28 07:51:51.981843,360,Asia-Pacific
8675847b-4c72-46fd-88c1-9723872f7232,ORD-10012,13a3cca5-cc79-4ba2-8a07-4e96d6818589,2026-02-03 13:51:51.981843,160,North America
67de7c0c-69a7-4a6a-9148-c69ec5f672da,ORD-10013,62e84bfa-cc2d-45f1-a5e7-11c98861bbca,2026-03-18 14:51:51.981843,450,Latin America
2080841f-87c6-44d1-8a3b-42abf09dd6f6,ORD-10014,8c380f35-205c-41aa-8d27-caab897ffe8d,2026-09-19 10:51:51.981843,670,North America
a6862f7a-b588-439b-af9c-e306ebd2f2fa,ORD-10015,73725ace-c2a0-4ab7-a116-a248233137cc,2026-06-01 22:51:51.981843,1170,Asia-Pacific
f1f4e922-8108-4efd-b293-1c6909f13e95,ORD-10016,045aec22-ea11-468a-891f-ca9f20340f03,2026-02-03 12:51:51.981843,730,Europe
593af9af-f25a-438f-b6f8-073e1d4c18ba,ORD-10017,0e107795-5385-4c54-9a97-76e8a97b770c,2025-12-22 17:51:51.981843,2250,Latin America
27a15aac-27ad-4e30-8947-27cfaaa52224,ORD-10018,fc4de5d2-ab92-4683-8544-582bce18ca1d,2026-05-04 05:51:51.981843,1280,Europe
ed05f46d-a22a-4abe-9fd9-e6d3d651a97f,ORD-10019,47df82bc-7e4f-44fa-8f7c-068b48b4c56c,2026-07-06 00:51:51.981843,910,North America
dc7f4202-8c0b-4129-ae8a-73e056e2fdee,ORD-10020,4bfed311-8f6e-461f-9ee1-6fcf22cc9b4f,2026-08-02 14:51:51.981843,750,Latin America
60e640ea-b1ec-452b-b290-4bc1e16ccc42,ORD-10021,b423d7ba-5a26-425d-8fd1-79b94262b849,2026-08-10 23:51:51.981843,860,Latin America
f8ed2685-a7df-4554-9bf0-1835104597ed,ORD-10022,29a876ba-1ae6-4962-8594-34234067049c,2026-08-05 17:51:51.981843,1150,Asia-Pacific
1ae66a59-6219-47b7-988b-f24e433183c2,ORD-10023,219d2646-fad0-467f-b6c9-c082c5dc0b0e,2026-03-29 17:51:51.981843,630,Europe
b35d802b-fd44-43bb-b6ee-26693e1d1fcc,ORD-10024,47df82bc-7e4f-44fa-8f7c-068b48b4c56c,2026-06-16 22:51:51.981843,1650,North America
2cb449bd-d4a1-4820-9048-21cd573e2311,ORD-10025,4d5b602c-9200-4a0c-95ca-79735db28416,2025-11-14 06:51:51.981843,3990,North America
1e28e1cd-1aa8-460e-8ee6-8a168d4feb8b,ORD-10026,ac9a8801-0aa1-4f71-af3b-6ffb7ee48c04,2026-03-05 18:51:51.981843,170,Latin America
60e245de-3c82-46d8-9d7b-ccabdfeb4b11,ORD-10027,0aee27c3-9612-42e4-99c1-fe49214add52,2026-07-01 22:51:51.981843,640,Latin America
3f378392-a390-4a38-8fe3-25eca7f765f2,ORD-10028,2cc9e68d-106a-4d5b-8498-6c6472df6be4,2026-08-29 06:51:51.981843,2190,Latin America
b8e2e49e-58ee-4579-a7dd-e60fbaf22e7d,ORD-10029,c1c77a82-c280-4872-8c09-9c7752f7fa07,2026-06-18 20:51:51.981843,1320,Asia-Pacific
b3bf8d14-3d88-4050-a4f7-73fc41ae2201,ORD-10030,73725ace-c2a0-4ab7-a116-a248233137cc,2025-12-12 00:51:51.981843,2300,Asia-Pacific
9d52aa7c-4682-4493-8546-9d4a1a5216ab,ORD-10031,53a63db3-5b3f-4bef-8e39-d1162a4d248d,2025-11-28 11:51:51.981843,2990,Asia-Pacific
4d5345b9-4cc1-476a-b39c-cb3a0c63cc4f,ORD-10032,8a84d16b-1fbe-4fbe-a2e6-933ce1313e23,2026-05-19 15:51:51.981843,450,Asia-Pacific
851bc57a-8643-43f3-bae4-6543e0f42230,ORD-10033,da0ef8fa-1854-46d9-aad9-47f166080399,2026-05-29 09:51:51.981843,450,Asia-Pacific
6fbb72c5-366a-4bc4-aa48-9d005d2d4a58,ORD-10034,aeae905d-1b3b-4f89-8bef-91c5b4586b51,2026-01-02 13:51:51.981843,600,Latin America
cb9d5cb8-485a-4658-8e5d-5cda756e0fcf,ORD-10035,00a5d3b1-015a-441b-9645-5bf8bea487ed,2026-01-01 01:51:51.981843,110,Europe
6e7eeb23-b8a5-43fe-9c7b-3812410ea104,ORD-10036,b423d7ba-5a26-425d-8fd1-79b94262b849,2026-09-04 15:51:51.981843,900,Latin America
e0e9a667-920a-4acd-a6d3-55f652a0a1dc,ORD-10037,13a3cca5-cc79-4ba2-8a07-4e96d6818589,2025-10-06 21:51:51.981843,630,North America
4f39c1b7-5e1a-46e6-99dd-e4d572e1f45d,ORD-10038,0e107795-5385-4c54-9a97-76e8a97b770c,2026-07-03 23:51:51.981843,1800,Latin America
c1f04390-2216-4d82-8a47-44d8b2963c80,ORD-10039,0aee27c3-9612-42e4-99c1-fe49214add52,2026-03-28 16:51:51.981843,130,Latin America
5a9617f3-8ce9-4d41-9e4e-1c31bba036f1,ORD-10040,bf8f8a2e-ba56-4410-a521-97deb6d00dad,2025-12-30 18:51:51.981843,1200,Europe
81a48e38-9731-43df-a8f2-4cebfc81acd8,ORD-10041,26b4c7ae-9a11-49c7-a875-967e3fbac83e,2026-06-24 13:51:51.981843,2100,North America
c38d02ca-4a69-4038-8cac-cbfabf5e1b82,ORD-10042,d2733d94-d702-46f2-87d7-445b8482d239,2025-10-14 04:51:51.981843,2170,Asia-Pacific
b5dc4fd0-cf45-42cc-953f-167306b811bd,ORD-10043,265313c2-489f-4e58-8fa9-f525c0811f19,2026-01-19 03:51:51.981843,2160,Latin America
15a39c39-0fae-49c3-a9b9-35dd8fd28645,ORD-10044,53a63db3-5b3f-4bef-8e39-d1162a4d248d,2026-05-06 17:51:51.981843,1010,Asia-Pacific
2b1688df-c3dc-4ad9-84ff-c2a73c371130,ORD-10045,53a63db3-5b3f-4bef-8e39-d1162a4d248d,2026-01-06 01:51:51.981843,90,Asia-Pacific
bdc0fa81-62b0-474f-af37-e3fd7a899b0c,ORD-10046,1a54bf19-628f-4bd2-882d-4ad5ce57e68b,2026-03-10 00:51:51.981843,2800,Asia-Pacific
c9bc671e-f3e7-471a-b9c0-b5dd6dc77f52,ORD-10047,8f6ee0ba-0d20-4792-b1ae-0e3c58fa159b,2026-02-14 16:51:51.981843,2800,Europe
19691bc6-ecbf-42fb-af49-6522e02d2def,ORD-10048,0aee27c3-9612-42e4-99c1-fe49214add52,2025-10-24 10:51:51.981843,610,Latin America
d1d2cb07-ed7c-48db-99bd-13ee534415fe,ORD-10049,7a32e3ad-d95c-4345-9693-da7c727081f0,2026-05-27 13:51:51.981843,3600,Asia-Pacific
15a9fb3d-0967-49ca-abc6-7812ff66fbd0,ORD-10050,e2351305-fc23-448e-95f9-64e364b77e2c,2026-02-09 10:51:51.981843,1470,Asia-Pacific
44764b8a-6cf8-4196-a606-5541d2a23db5,ORD-10051,b4b6f339-4ad8-4a9b-b71d-8b41af31190a,2026-10-03 05:51:51.981843,220,Asia-Pacific
7b61fe2c-395d-416e-9156-0c221aa6f4e1,ORD-10052,9e05f53c-940e-4c91-a759-396fda5017d1,2026-07-22 18:51:51.981843,1920,North America
4bb5b53d-fd73-4f6e-ad97-d1cf6b51784b,ORD-10053,5f0587f7-5478-4d98-b34b-054f5cdb1930,2026-04-15 06:51:51.981843,300,Asia-Pacific
c5246fda-4996-4cb4-815b-e9ff896cb180,ORD-10054,81370ed9-1b1b-4d93-9776-3d16631d2ff9,2025-11-28 11:51:51.981843,450,Asia-Pacific
d67366ce-2cb5-49b1-b29d-bf8f9ddb5128,ORD-10055,29d7ec84-503e-4bce-9660-225420eae903,2026-02-27 07:51:51.981843,320,Latin America
c446f1e7-3cd0-4286-9125-7c29de95d8f4,ORD-10056,c1c77a82-c280-4872-8c09-9c7752f7fa07,2026-03-06 09:51:51.981843,130,Asia-Pacific
1094a583-f650-4b55-9c80-45f5c246dde0,ORD-10057,4420a7bb-9038-4cdb-9a5f-cdce62170bb8,2026-09-26 13:51:51.981843,1550,North America
4ba77715-1979-408c-b6ad-3c6c8f70a03a,ORD-10058,3dbc83eb-5162-4261-b7c3-e56006fe4e95,2026-03-03 07:51:51.981843,750,Latin America
fb02bf73-79bf-4279-b082-abb8635e2c68,ORD-10059,00a5d3b1-015a-441b-9645-5bf8bea487ed,2025-12-15 19:51:51.981843,5030,Europe
c50f83bc-1517-49b2-9130-44b79ba538c3,ORD-10060,81370ed9-1b1b-4d93-9776-3d16631d2ff9,2026-05-02 10:51:51.981843,3070,Asia-Pacific
406cb81a-9d8c-4210-8329-2952cba57907,ORD-10061,a0e0f6d9-166e-45aa-8245-40e5a02d0c55,2026-06-29 21:51:51.981843,1050,Europe
8cc76cf3-1dad-4426-9522-052cc001b4e3,ORD-10062,560eedbf-8f2a-476d-9d41-c24a59117fee,2026-07-07 09:51:51.981843,1670,Latin America
b9b8bdc3-ef93-4c60-9341-04b55e3ebad4,ORD-10063,a0e0f6d9-166e-45aa-8245-40e5a02d0c55,2026-04-11 19:51:51.981843,1250,Europe
88f6cc11-a53f-4f14-adb5-3cc55fb8931a,ORD-10064,da68d73f-8d0b-4bce-b709-5ca4217d218a,2026-07-19 09:51:51.981843,500,Asia-Pacific
bd6822e9-884f-4c80-99ea-93a098ad0f72,ORD-10065,da0ef8fa-1854-46d9-aad9-47f166080399,2026-06-08 15:51:51.981843,930,Asia-Pacific
10cb0dbe-b887-49e0-bdec-a92b00adff63,ORD-10066,896cc42a-40f0-43eb-b23f-a05ef0e149a3,2026-07-21 08:51:51.981843,500,Latin America
ce27b797-68f0-42c3-89b4-bfbf5bf3c90a,ORD-10067,7a32e3ad-d95c-4345-9693-da7c727081f0,2026-07-25 01:51:51.981843,780,Asia-Pacific
225eec1c-b7b3-41ab-ad90-d3cecdf9eeea,ORD-10068,783853c0-5177-42fd-a58c-7eb6534a9866,2026-01-16 23:51:51.981843,330,North America
8a77e717-8ffd-432c-a2c2-325f008107f7,ORD-10069,4b912074-e32e-482a-8ea2-5011697943c4,2026-02-27 03:51:51.981843,200,North America
45e9f091-6eb9-47af-a13a-577fbc078282,ORD-10070,2cc9e68d-106a-4d5b-8498-6c6472df6be4,2026-04-22 16:51:51.981843,400,Latin America
55a61bdd-d8c4-4c20-ba05-a6c7fe01f336,ORD-10071,62e84bfa-cc2d-45f1-a5e7-11c98861bbca,2026-09-06 17:51:51.981843,250,Latin America
856667c1-0052-4017-9d07-2a0431bd74f7,ORD-10072,0aee27c3-9612-42e4-99c1-fe49214add52,2025-12-05 19:51:51.981843,3860,Latin America
56897152-bf67-41dd-be24-3c95d29667d2,ORD-10073,29d7ec84-503e-4bce-9660-225420eae903,2026-01-24 07:51:51.981843,5860,Latin America
edbc4cb7-8316-43aa-99f2-2f018609da61,ORD-10074,6574bb14-2a0e-42af-af8f-a33d9891af0e,2026-02-02 00:51:51.981843,600,North America
237090e7-f9ef-4b1f-95c3-6990728fa970,ORD-10075,89440558-be33-4168-b398-07c0fe56d1c6,2026-03-16 23:51:51.981843,1670,Latin America
8da74aa4-2a92-424d-b2d3-a903c3608185,ORD-10076,0aee27c3-9612-42e4-99c1-fe49214add52,2026-08-07 06:51:51.981843,150,Latin America
a4ded929-1507-479d-9182-10d5152fa3b5,ORD-10077,8f6ee0ba-0d20-4792-b1ae-0e3c58fa159b,2026-07-29 10:51:51.981843,530,Europe
5bed3a58-3167-46d2-9822-e97c4b9bf802,ORD-10078,b2e5b5d2-e4ed-45b9-be67-f5302412df3a,2026-08-13 20:51:51.981843,90,Latin America
94a7136f-c7a2-4ef4-99b9-219e6a6c7e7c,ORD-10079,8c380f35-205c-41aa-8d27-caab897ffe8d,2025-11-24 19:51:51.981843,1750,North America
b507f87c-3474-4c3c-94e0-7dff42175dfe,ORD-10080,73725ace-c2a0-4ab7-a116-a248233137cc,2026-08-02 03:51:51.981843,250,Asia-Pacific
efd1a399-ef9e-43c5-95f1-fe74ce6fb02f,ORD-10081,7a32e3ad-d95c-4345-9693-da7c727081f0,2026-07-12 17:51:51.981843,670,Asia-Pacific
bcb44a60-c2a2-4a4d-8799-793cb90ffd57,ORD-10082,b4b6f339-4ad8-4a9b-b71d-8b41af31190a,2025-11-12 23:51:51.981843,270,Asia-Pacific
3cec8ed0-57e9-4790-8cfc-9ab9dfa0ddc7,ORD-10083,0aee27c3-9612-42e4-99c1-fe49214add52,2026-09-06 23:51:51.981843,4350,Latin America
003253f1-9c7f-4aba-b9d6-6a54d93a004e,ORD-10084,f872125e-b976-4052-9b1a-13e9a99d61f7,2026-08-17 17:51:51.981843,600,North America
2fe35afb-723e-4a79-9168-8b69c212d9fc,ORD-10085,258f77c0-b090-4331-8f32-93173d27298c,2026-03-09 03:51:51.981843,6000,Latin America
e7b41634-26cf-47d1-ab10-13a6479135fc,ORD-10086,81370ed9-1b1b-4d93-9776-3d16631d2ff9,2026-04-07 18:51:51.981843,1220,Asia-Pacific
4fbaec46-790e-459f-b03f-2de8add4daf2,ORD-10087,7a32e3ad-d95c-4345-9693-da7c727081f0,2026-05-28 20:51:51.981843,410,Asia-Pacific
779d336c-51c8-4988-aa82-1e3ff069e3c0,ORD-10088,ac9a8801-0aa1-4f71-af3b-6ffb7ee48c04,2026-05-01 05:51:51.981843,110,Latin America
fa6a2dac-78f6-42be-9df1-c9c7dee57ba4,ORD-10089,a0e0f6d9-166e-45aa-8245-40e5a02d0c55,2026-07-23 06:51:51.981843,770,Europe
44b456c4-d1a9-4127-a9d8-572c11594952,ORD-10090,b4b6f339-4ad8-4a9b-b71d-8b41af31190a,2026-01-29 04:51:51.981843,1600,Asia-Pacific
1f352d10-6574-4079-b08f-becc9cf20509,ORD-10091,53a63db3-5b3f-4bef-8e39-d1162a4d248d,2026-05-25 03:51:51.981843,7920,Asia-Pacific
e73ebbe1-e5dc-4cca-8cc0-007227b3f1cc,ORD-10092,aeae905d-1b3b-4f89-8bef-91c5b4586b51,2026-09-23 12:51:51.981843,550,Latin America
c6e890c6-1676-4fac-a051-4886e4da760a,ORD-10093,505d5054-6063-4851-8a66-3b1d6d3079e8,2026-04-10 00:51:51.981843,110,Europe
c0f61204-7822-4a65-a2b3-e343fa590fb8,ORD-10094,29a876ba-1ae6-4962-8594-34234067049c,2026-01-02 17:51:51.981843,850,Asia-Pacific
8721cc05-5f83-4f7e-b957-3ab4628ddcca,ORD-10095,a87cc3fa-13c7-4d9b-b43d-1e2ae50ca6c3,2025-11-12 21:51:51.981843,1950,Europe
0ba5354f-952f-4820-a882-c412e3c32c1b,ORD-10096,b4b6f339-4ad8-4a9b-b71d-8b41af31190a,2026-08-26 00:51:51.981843,7530,Asia-Pacific
b9327c58-41b8-4aab-8220-7d4ed40d4188,ORD-10097,ab357c8d-53d4-4bdb-a281-4f85446fb849,2026-02-28 05:51:51.981843,1560,Latin America
ac1c49a1-b65a-4e4b-bf20-d78a335b4860,ORD-10098,dee1be6e-7782-40fb-b9e1-29435c681dab,2026-08-10 10:51:51.981843,1110,Europe
8103546f-67dd-46f5-8f72-79527504cd16,ORD-10099,b2e5b5d2-e4ed-45b9-be67-f5302412df3a,2026-07-08 20:51:51.981843,1990,Latin America
dc259452-0d9c-4e84-b116-7af1f8c0f91b,ORD-10100,aeae905d-1b3b-4f89-8bef-91c5b4586b51,2026-05-03 03:51:51.981843,1680,Latin America
4e8dc467-b009-4ae6-957c-5764d270aa93,ORD-10101,b4b6f339-4ad8-4a9b-b71d-8b41af31190a,2026-08-10 09:51:51.981843,1560,Asia-Pacific
86607a5f-9d7a-454c-b54b-172054cfdb36,ORD-10102,29d7ec84-503e-4bce-9660-225420eae903,2026-02-27 08:51:51.981843,3600,Latin America
9b8fa16d-43b1-420f-bc0e-ed738d0d4205,ORD-10103,5f0587f7-5478-4d98-b34b-054f5cdb1930,2025-11-25 05:51:51.981843,220,Asia-Pacific
9d85c74c-09f8-4e1d-95ee-c51ba745d8dc,ORD-10104,5a5a058d-fc78-4b01-ba39-8ba5fbf80edd,2026-01-14 07:51:51.981843,150,Europe
84676f42-190a-4644-85bf-ba058cfb4b2c,ORD-10105,adc3bde2-9b11-4cb0-b91d-a13a7b71137d,2026-04-15 07:51:51.981843,1500,Asia-Pacific
5d0abde9-95b2-44b9-ac0f-0462daca5a7b,ORD-10106,dfc4b4e1-fc03-4538-87b5-5a53329ae2c7,2026-02-03 15:51:51.981843,750,Asia-Pacific
7c798a08-2b77-4492-9887-09e4b732eae7,ORD-10107,26b4c7ae-9a11-49c7-a875-967e3fbac83e,2026-08-13 16:51:51.981843,3710,North America
f3ca9d0f-7e7d-4e8f-91d8-f5f9a44b6339,ORD-10108,da0ef8fa-1854-46d9-aad9-47f166080399,2026-06-24 14:51:51.981843,80,Asia-Pacific
0288a23c-2b09-4f3e-9930-aa1458ab177b,ORD-10109,f2bad294-c3b3-4b19-b6c9-f2cc31a2c7e8,2026-05-22 06:51:51.981843,1410,Latin America
72b977d3-d6df-46ad-a4cb-08131e10f137,ORD-10110,b423d7ba-5a26-425d-8fd1-79b94262b849,2025-12-20 11:51:51.981843,590,Latin America
051f9aa1-ac42-48b2-8609-1b128455c582,ORD-10111,1a2ea3b4-f866-46a6-8753-2b569d5f73d8,2026-04-25 12:51:51.981843,1290,Europe
b3f0d4e2-c1ec-43fc-8fb5-9db694f64838,ORD-10112,a4349253-1934-43b5-904b-16180cd73867,2025-11-21 14:51:51.981843,250,Latin America
c0d8cc3f-73ff-4136-b94b-691563c01174,ORD-10113,81370ed9-1b1b-4d93-9776-3d16631d2ff9,2026-05-03 23:51:51.981843,750,Asia-Pacific
c412b3a7-796c-4edf-8789-5654211d082b,ORD-10114,29d7ec84-503e-4bce-9660-225420eae903,2026-05-12 10:51:51.981843,3460,Latin America
bb35b53c-b60a-452c-9e15-2e1dacf7ee11,ORD-10115,26b4c7ae-9a11-49c7-a875-967e3fbac83e,2026-09-30 16:51:51.981843,3710,North America
e68303c1-977c-4e66-8e23-6842ab1c0727,ORD-10116,b9507172-a17e-43ab-b593-1148522a386d,2026-04-12 23:51:51.981843,520,Latin America
225782da-087c-4b21-81b3-2db713b8a4fb,ORD-10117,c2f49716-ee02-451d-8391-7df0e25f4dd9,2026-02-03 01:51:51.981843,780,North America
3855ee6a-2d8f-4fbb-afa5-c600dd9cb9cb,ORD-10118,e0b48299-969d-4821-a617-28ddd9a9bdb2,2026-09-04 09:51:51.981843,240,Europe
8aa48891-c9fd-4cf2-a59b-0023b69b0c41,ORD-10119,4420a7bb-9038-4cdb-9a5f-cdce62170bb8,2025-10-31 20:51:51.981843,1500,North America
683b03b6-20ce-426c-9641-ec966503ba89,ORD-10120,53a63db3-5b3f-4bef-8e39-d1162a4d248d,2025-10-11 05:51:51.981843,1400,Asia-Pacific
ac41ea2a-e963-4809-8400-7d3607854938,ORD-10121,4b912074-e32e-482a-8ea2-5011697943c4,2025-11-19 10:51:51.981843,6430,North America
4e8a83c2-d1d8-4736-91cc-b7f4afc14750,ORD-10122,89440558-be33-4168-b398-07c0fe56d1c6,2026-02-02 21:51:51.981843,3600,Latin America
336d912d-525a-4475-8284-fa064de86021,ORD-10123,ee95f507-92c5-4ffc-9c03-85d2dd64240b,2026-01-20 16:51:51.981843,830,North America
52bc9f94-0cb8-4af9-8ef6-d96c9d54ce2a,ORD-10124,783853c0-5177-42fd-a58c-7eb6534a9866,2025-12-02 20:51:51.981843,1130,North America
877f06ee-8ec6-45f6-bb82-5d33f73a3cc7,ORD-10125,b9507172-a17e-43ab-b593-1148522a386d,2026-04-06 23:51:51.981843,2400,Latin America
08b9a46d-8435-4191-b9aa-1a30e1a60d77,ORD-10126,ee160220-9672-4183-aa1a-cdd1048fbb6a,2026-04-03 17:51:51.981843,1070,North America
76262a0b-5e85-41d6-b121-15fc4b57ab52,ORD-10127,ab357c8d-53d4-4bdb-a281-4f85446fb849,2025-12-19 19:51:51.981843,1020,Latin America
61f568c2-bb00-4bce-b8d5-1b50e3f91f01,ORD-10128,29d7ec84-503e-4bce-9660-225420eae903,2026-05-23 15:51:51.981843,1350,Latin America
f444ce7f-bcfa-422e-a022-008de06092e6,ORD-10129,7fd30fcb-c526-4218-9819-512a0ae85515,2026-03-19 14:51:51.981843,1620,North America
384bab21-c212-4810-960e-6619b74b641d,ORD-10130,265313c2-489f-4e58-8fa9-f525c0811f19,2025-11-27 08:51:51.981843,1270,Latin America
d035e260-dde5-4b3c-9faf-a50ca5ae36fe,ORD-10131,8c380f35-205c-41aa-8d27-caab897ffe8d,2026-09-11 03:51:51.981843,990,North America
2dfac36d-c630-4515-8974-b2fa8752c1db,ORD-10132,99f23e2a-3e7f-450f-875f-024d248d7fd0,2026-01-21 08:51:51.981843,850,Asia-Pacific
355e94bb-a1b1-4f34-92db-cd34b7aa5399,ORD-10133,a9ff92af-dea5-4d60-89b1-37aa5500818d,2026-06-27 18:51:51.981843,3280,Asia-Pacific
cba5c08c-feb2-4480-992a-d3649cfcbe54,ORD-10134,de556887-a4fc-4518-846a-8992b69a5e30,2026-02-10 19:51:51.981843,1600,Europe
16fd52c5-2887-4063-9e39-36c70d3880a3,ORD-10135,53a63db3-5b3f-4bef-8e39-d1162a4d248d,2026-08-06 13:51:51.981843,200,Asia-Pacific
408964c3-5162-4e63-9d72-ed6a551e7652,ORD-10136,da0ef8fa-1854-46d9-aad9-47f166080399,2026-08-03 05:51:51.981843,1590,Asia-Pacific
2ffcad23-08cd-4d0f-90a0-7b5bd8f0a9de,ORD-10137,60116266-9ceb-4e73-9164-76aa841e6c4e,2026-05-25 07:51:51.981843,930,Europe
9159dff3-b7ef-437d-8df9-c5b7045f799b,ORD-10138,c6d7af07-8be3-4eb2-922b-6a7b620e5db6,2026-10-01 01:51:51.981843,200,Asia-Pacific
2511a547-7eea-4c62-8d53-aa1f30eec988,ORD-10139,c71730ca-a2cf-4413-ae0d-ee844416d433,2026-01-15 21:51:51.981843,540,Asia-Pacific
de033900-be01-47f1-8aa9-9fdec73a0dfe,ORD-10140,62e84bfa-cc2d-45f1-a5e7-11c98861bbca,2026-03-19 07:51:51.981843,240,Latin America
aad3f63c-6503-4d37-92f9-94e1c3031034,ORD-10141,cbab0a4c-190b-485b-8698-2573dda85fab,2026-05-01 05:51:51.981843,260,Asia-Pacific
5aee00b5-7e7f-426a-b282-5020096f2649,ORD-10142,7fd30fcb-c526-4218-9819-512a0ae85515,2025-12-17 12:51:51.981843,1540,North America
a37d0eff-a0b2-4915-ba61-851e26a0a45b,ORD-10143,7e2ea7d5-6b3c-43de-b29a-921ab454bb6b,2026-06-16 03:51:51.981843,2280,Europe
1cfd583d-324d-4ec8-a3a4-28927f21681f,ORD-10144,e0b48299-969d-4821-a617-28ddd9a9bdb2,2026-05-29 00:51:51.981843,1050,Europe
a5afc714-4148-4f1d-b982-80d1255c9634,ORD-10145,5f0587f7-5478-4d98-b34b-054f5cdb1930,2026-03-19 14:51:51.981843,1350,Asia-Pacific
b1493b67-e9f0-4d49-8cdc-e502529f7af9,ORD-10146,505d5054-6063-4851-8a66-3b1d6d3079e8,2026-01-05 01:51:51.981843,1330,Europe
490f21ea-efdd-4487-b19a-1d33b1359166,ORD-10147,29d7ec84-503e-4bce-9660-225420eae903,2026-07-29 02:51:51.981843,160,Latin America
a6e12aac-fba8-43db-b2ab-5a9fc953fb19,ORD-10148,e0b48299-969d-4821-a617-28ddd9a9bdb2,2026-04-12 09:51:51.981843,390,Europe
bbabdb8f-1d70-4bb3-b12d-aca4545219f3,ORD-10149,ce4f4752-b3b0-4ac7-aff1-e4f53cad85ae,2026-07-31 17:51:51.981843,1350,North America
c824a36c-ef59-4b16-844e-953e7f37fe5f,ORD-10150,6a28f6c5-a142-4420-a22e-314fb70928ac,2026-04-07 22:51:51.981843,670,Asia-Pacific
65e50352-2791-4586-a616-f2d276e53a4e,ORD-10151,883fbffd-3394-4925-b895-d939e06dc8f0,2026-06-05 08:51:51.981843,1400,North America
a6453e7b-b4c9-450f-b612-58190f6dad51,ORD-10152,560eedbf-8f2a-476d-9d41-c24a59117fee,2026-04-18 06:51:51.981843,130,Latin America
6f75f1b7-3091-4faf-87b9-9a3adbb55ece,ORD-10153,3dbc83eb-5162-4261-b7c3-e56006fe4e95,2025-11-14 23:51:51.981843,1200,Latin America
179a462a-c504-4c51-9989-a2c0ec59f911,ORD-10154,254b299a-febb-4487-bc65-ba8f30dd63b9,2026-03-30 21:51:51.981843,700,Latin America
88fe7d9d-60de-4f62-9408-5abef0782c28,ORD-10155,da68d73f-8d0b-4bce-b709-5ca4217d218a,2026-09-05 17:51:51.981843,130,Asia-Pacific
f911f31f-8036-462c-b302-0168f23e768f,ORD-10156,1a2ea3b4-f866-46a6-8753-2b569d5f73d8,2026-08-26 20:51:51.981843,1670,Europe
ae66ca03-3d24-4820-a83d-7f35c457eb20,ORD-10157,8f6ee0ba-0d20-4792-b1ae-0e3c58fa159b,2026-01-01 15:51:51.981843,400,Europe
9a615605-381d-4cd2-8433-13c5ab548341,ORD-10158,7e2ea7d5-6b3c-43de-b29a-921ab454bb6b,2025-12-19 13:51:51.981843,600,Europe
aaec5588-d867-4ee4-b327-283d934f6a38,ORD-10159,ef312edc-92a0-4c63-ba7e-6f2ccbf234ae,2026-05-19 09:51:51.981843,1920,Europe
6142c3c1-07ca-46c3-a8c1-d1d3623fc6f8,ORD-10160,254b299a-febb-4487-bc65-ba8f30dd63b9,2025-12-04 18:51:51.981843,770,Latin America
34e47a91-4373-4f07-a4a8-646491348dfc,ORD-10161,8dcc76be-c793-4e2c-a5ad-c1787213caf2,2026-07-10 17:51:51.981843,870,Asia-Pacific
7b55af6e-838f-4b6f-9891-fb6ae9d4d10d,ORD-10162,c2f49716-ee02-451d-8391-7df0e25f4dd9,2025-10-07 06:51:51.981843,3950,North America
5cf7160c-e13f-4c8a-bddb-60a5d36422aa,ORD-10163,045aec22-ea11-468a-891f-ca9f20340f03,2025-11-12 14:51:51.981843,240,Europe
bfa0cb9f-7690-4c24-b89e-e7b43db5f1c9,ORD-10164,9ece0915-72c3-4292-b9d5-8cbe2aac1c69,2025-11-24 19:51:51.981843,4000,North America
c9e09c6d-0f6a-4f98-b5b3-ce362bd49f9e,ORD-10165,4bfed311-8f6e-461f-9ee1-6fcf22cc9b4f,2026-03-01 13:51:51.981843,80,Latin America
ab34193c-b25f-4712-af4f-b5f035205180,ORD-10166,783853c0-5177-42fd-a58c-7eb6534a9866,2025-11-25 10:51:51.981843,450,North America
711780d7-b8af-4006-944f-b6b65bafd9a5,ORD-10167,7a8b99a9-3540-4eb5-8084-3c075f9f8d2b,2026-09-10 16:51:51.981843,3320,North America
93415841-f621-4cf9-9ee4-9b09e6077388,ORD-10168,da68d73f-8d0b-4bce-b709-5ca4217d218a,2025-10-12 21:51:51.981843,90,Asia-Pacific
f035f086-0eed-441e-b07a-868c2821b298,ORD-10169,dfc4b4e1-fc03-4538-87b5-5a53329ae2c7,2026-04-08 11:51:51.981843,240,Asia-Pacific
06817506-702f-40d9-ab2e-79e4cf4fca5e,ORD-10170,02849ea3-f7c1-4821-9432-d8f3cb7cdf79,2025-10-28 16:51:51.981843,390,North America
dd5c03f1-ce3c-43f5-ab3f-7da59f4c241d,ORD-10171,5a94bd94-dce9-47cb-97cc-4fb880144b46,2026-01-11 00:51:51.981843,1350,Asia-Pacific
f2e24ed2-52f2-4c30-8b71-fcb889041603,ORD-10172,bf8f8a2e-ba56-4410-a521-97deb6d00dad,2026-04-25 18:51:51.981843,2490,Europe
eadadd82-4446-4e8e-8945-da69c26c712e,ORD-10173,9ece0915-72c3-4292-b9d5-8cbe2aac1c69,2025-12-31 03:51:51.981843,4740,North America
73d30462-a703-4751-913a-0c830385026d,ORD-10174,e2351305-fc23-448e-95f9-64e364b77e2c,2026-08-11 11:51:51.981843,2700,Asia-Pacific
6907bbf5-d9d2-407e-9c5e-33a7b567f77c,ORD-10175,047a4769-d9f8-4b1d-8269-7af65260e021,2025-12-23 09:51:51.981843,1250,Latin America
60b370c0-c3ce-4020-ac7a-8a6e3ab389e2,ORD-10176,6574bb14-2a0e-42af-af8f-a33d9891af0e,2026-09-11 00:51:51.981843,340,North America
c0b31d68-9478-49c7-bd96-6549f4008f4c,ORD-10177,c71730ca-a2cf-4413-ae0d-ee844416d433,2026-06-28 09:51:51.981843,760,Asia-Pacific
1d615d0a-bd54-400f-a756-78b6fa46e2e0,ORD-10178,c6d7af07-8be3-4eb2-922b-6a7b620e5db6,2026-01-10 05:51:51.981843,1380,Asia-Pacific
8e1d1276-6800-4d61-a2f7-f42157fc14d9,ORD-10179,896cc42a-40f0-43eb-b23f-a05ef0e149a3,2026-09-01 21:51:51.981843,2110,Latin America
247a6ef6-5962-437c-8b78-74f0059d6c98,ORD-10180,89440558-be33-4168-b398-07c0fe56d1c6,2026-09-17 13:51:51.981843,1590,Latin America
8b53d419-6519-40e5-af99-cca5e32cca1a,ORD-10181,8de207d5-5a1b-4b87-9550-c335e7c402f3,2026-06-24 06:51:51.981843,920,Europe
bb22d00a-caab-48e5-b6ce-985151554c75,ORD-10182,5a5a058d-fc78-4b01-ba39-8ba5fbf80edd,2026-07-22 22:51:51.981843,2650,Europe
90b76066-3d3e-417d-bc51-0188529c1600,ORD-10183,03a1d475-19f5-4957-a090-d8c662612018,2026-08-25 02:51:51.981843,130,Asia-Pacific
70242b63-7f29-4443-879c-8ab037c227d0,ORD-10184,89440558-be33-4168-b398-07c0fe56d1c6,2026-04-17 20:51:51.981843,2490,Latin America
6631e35a-e5c5-4be8-a909-9bb1a4a6ca36,ORD-10185,c71730ca-a2cf-4413-ae0d-ee844416d433,2026-04-18 07:51:51.981843,350,Asia-Pacific
a134e2fb-d06b-4aff-b1b3-de5d29c350ac,ORD-10186,1a54bf19-628f-4bd2-882d-4ad5ce57e68b,2026-05-06 09:51:51.981843,920,Asia-Pacific
f96fc50f-a3af-4f8e-9639-fe2686394fbc,ORD-10187,29a876ba-1ae6-4962-8594-34234067049c,2026-05-10 19:51:51.981843,1270,Asia-Pacific
ab7fe081-4a5d-434a-b7ec-cd9c25b6945f,ORD-10188,53a63db3-5b3f-4bef-8e39-d1162a4d248d,2026-09-14 23:51:51.981843,1930,Asia-Pacific
be74176b-44f2-413c-9adb-d02eb0fcfbf7,ORD-10189,505d5054-6063-4851-8a66-3b1d6d3079e8,2025-10-26 03:51:51.981843,2330,Europe
ff9029ba-ebc2-404a-aaa8-c0882c95867c,ORD-10190,e3d9ceff-bcf4-452f-a070-22a6f88cfe7a,2026-06-29 15:51:51.981843,850,Asia-Pacific
e3f1fa43-d8e8-4b58-a0dd-3e82f5ab3a68,ORD-10191,6a28f6c5-a142-4420-a22e-314fb70928ac,2026-02-22 13:51:51.981843,980,Asia-Pacific
5ed919fc-1164-4915-b4b3-28f8397a429d,ORD-10192,ac9a8801-0aa1-4f71-af3b-6ffb7ee48c04,2025-10-07 16:51:51.981843,560,Latin America
002cdbfc-177b-436b-a0ae-1a2a748fb09b,ORD-10193,e8848a26-698c-4b95-8b59-74b9cb3258d2,2026-06-05 13:51:51.981843,80,Asia-Pacific
73738a39-fa75-4662-bd92-07ade2ccdd0d,ORD-10194,4420a7bb-9038-4cdb-9a5f-cdce62170bb8,2026-06-09 18:51:51.981843,2150,North America
d6525e9f-682a-41af-9543-c01532a72dc6,ORD-10195,29d7ec84-503e-4bce-9660-225420eae903,2025-11-28 19:51:51.981843,220,Latin America
0e05c037-4790-4a6c-ab34-fdd85188ece7,ORD-10196,c6d7af07-8be3-4eb2-922b-6a7b620e5db6,2026-03-08 18:51:51.981843,400,Asia-Pacific
31753859-3058-4b9f-bb27-479466f5a1bb,ORD-10197,99f23e2a-3e7f-450f-875f-024d248d7fd0,2025-12-23 01:51:51.981843,1280,Asia-Pacific
13ca1ecf-e98c-4831-ac1b-1af7483dfa76,ORD-10198,6a28f6c5-a142-4420-a22e-314fb70928ac,2025-12-13 17:51:51.981843,780,Asia-Pacific
99df2021-715c-4f34-ae97-b3cd8e4859a9,ORD-10199,4bfed311-8f6e-461f-9ee1-6fcf22cc9b4f,2026-03-10 00:51:51.981843,600,Latin America
e6e7ec9f-b137-4889-bcae-5573e17dc1aa,ORD-10200,de556887-a4fc-4518-846a-8992b69a5e30,2026-03-29 17:51:51.981843,2840,Europe
efe4187c-36f7-4e05-a796-940a3d1a6d06,ORD-10201,b9507172-a17e-43ab-b593-1148522a386d,2025-12-26 13:51:51.981843,390,Latin America
f8792fe9-914d-4514-b76d-6757227ec3c5,ORD-10202,219d2646-fad0-467f-b6c9-c082c5dc0b0e,2026-05-03 04:51:51.981843,1050,Europe
d1de5312-9d0c-46a0-b94e-68c2a01ef083,ORD-10203,e0b48299-969d-4821-a617-28ddd9a9bdb2,2026-04-18 13:51:51.981843,900,Europe
0c344b5f-ab17-4967-a512-8398253451cb,ORD-10204,1a2ea3b4-f866-46a6-8753-2b569d5f73d8,2025-10-31 00:51:51.981843,3850,Europe
f18a97d0-84f8-4b4e-9c9b-6e7f53696739,ORD-10205,c71730ca-a2cf-4413-ae0d-ee844416d433,2026-09-02 10:51:51.981843,1130,Asia-Pacific
9291dac9-e592-4dff-9160-dec82968e04d,ORD-10206,bcbd5a96-17ec-4269-b3a9-e082682679d8,2025-11-23 20:51:51.981843,3030,Asia-Pacific
3bfaeca4-e737-498f-a168-2ac3e856a2fa,ORD-10207,83baa17b-4f22-4202-9917-3d4af1e62717,2026-09-16 12:51:51.981843,580,Latin America
708d8eb5-1c2f-4cf2-86e2-d7acad912261,ORD-10208,fc4de5d2-ab92-4683-8544-582bce18ca1d,2026-04-27 01:51:51.981843,260,Europe
34d328b3-640c-4330-acf3-e5fc918c96c6,ORD-10209,cbab0a4c-190b-485b-8698-2573dda85fab,2026-04-29 06:51:51.981843,880,Asia-Pacific
93a45f7a-48a1-42ef-9c29-3a3264e4ef48,ORD-10210,6574bb14-2a0e-42af-af8f-a33d9891af0e,2026-02-26 01:51:51.981843,1830,North America
e304b01d-dc99-4e63-bcff-f67fdae03970,ORD-10211,aeae905d-1b3b-4f89-8bef-91c5b4586b51,2025-11-16 15:51:51.981843,3680,Latin America
8fee5897-a8b7-414e-bdeb-35cf82af5840,ORD-10212,047a4769-d9f8-4b1d-8269-7af65260e021,2025-11-26 04:51:51.981843,1260,Latin America
df4bb647-7226-4e3d-99e4-75d2075f3e31,ORD-10213,5a94bd94-dce9-47cb-97cc-4fb880144b46,2026-08-21 05:51:51.981843,530,Asia-Pacific
792d96dd-391f-4d64-b44b-62da823e358d,ORD-10214,a0e0f6d9-166e-45aa-8245-40e5a02d0c55,2026-05-06 20:51:51.981843,750,Europe
2b36f224-d65a-4479-8bd6-3f55b61086bf,ORD-10215,c6d7af07-8be3-4eb2-922b-6a7b620e5db6,2026-03-01 01:51:51.981843,150,Asia-Pacific
4e2e100a-1e12-4602-8a65-b64626f78521,ORD-10216,ab357c8d-53d4-4bdb-a281-4f85446fb849,2026-09-14 17:51:51.981843,330,Latin America
f36d57db-e725-4ec7-9ff7-23854f86a05e,ORD-10217,dfc4b4e1-fc03-4538-87b5-5a53329ae2c7,2025-10-03 08:51:51.981843,240,Asia-Pacific
e4df3614-2dba-42eb-a220-377704ab410e,ORD-10218,b2e5b5d2-e4ed-45b9-be67-f5302412df3a,2026-08-01 20:51:51.981843,2740,Latin America
cef3ed72-2d87-438b-8f8a-c46821dda4fc,ORD-10219,29d7ec84-503e-4bce-9660-225420eae903,2025-12-03 08:51:51.981843,500,Latin America
bcca8a0c-4f2b-4597-9109-4cd9de24d56c,ORD-10220,0aee27c3-9612-42e4-99c1-fe49214add52,2026-09-14 11:51:51.981843,600,Latin America
8c5f029e-34a7-4967-9cca-60f6e8065559,ORD-10221,7a8b99a9-3540-4eb5-8084-3c075f9f8d2b,2026-05-08 23:51:51.981843,1650,North America
ef3fb810-0d8e-4263-890a-96165ad6fb73,ORD-10222,ee160220-9672-4183-aa1a-cdd1048fbb6a,2025-11-15 19:51:51.981843,390,North America
a5851505-cb2c-49db-95b6-419732a1824c,ORD-10223,99f23e2a-3e7f-450f-875f-024d248d7fd0,2026-07-12 00:51:51.981843,300,Asia-Pacific
5bfe2744-31b4-4027-b3fa-896935e3b6fd,ORD-10224,53a63db3-5b3f-4bef-8e39-d1162a4d248d,2025-10-07 05:51:51.981843,3780,Asia-Pacific
afbce06f-bbc8-4f6b-a89c-1600815f7d65,ORD-10225,73725ace-c2a0-4ab7-a116-a248233137cc,2026-06-18 04:51:51.981843,330,Asia-Pacific
d696fa8e-6a18-4868-9525-0c27298e15cf,ORD-10226,bcbd5a96-17ec-4269-b3a9-e082682679d8,2026-06-29 15:51:51.981843,1320,Asia-Pacific
868beab3-6463-4cf7-9a85-822f9d24a992,ORD-10227,6c76160f-15c7-449a-b9dc-b69b50a7de94,2026-05-19 04:51:51.981843,270,Europe
2c1652d1-2b86-4265-a0c3-94fada116ba6,ORD-10228,da0ef8fa-1854-46d9-aad9-47f166080399,2026-09-21 15:51:51.981843,540,Asia-Pacific
6e2d756b-fe1d-43da-8384-c5e612eb3f55,ORD-10229,e8848a26-698c-4b95-8b59-74b9cb3258d2,2026-05-15 04:51:51.981843,220,Asia-Pacific
4b17fe1c-4f2a-42fe-ae9a-20c957dbe5e5,ORD-10230,8a84d16b-1fbe-4fbe-a2e6-933ce1313e23,2025-11-14 12:51:51.981843,1850,Asia-Pacific
426d8fa1-23ba-4bae-ad24-f6695b7c835e,ORD-10231,8a84d16b-1fbe-4fbe-a2e6-933ce1313e23,2026-03-20 19:51:51.981843,930,Asia-Pacific
d904f8e2-3388-497e-95a4-a872f24aab1f,ORD-10232,5a94bd94-dce9-47cb-97cc-4fb880144b46,2026-01-02 14:51:51.981843,2100,Asia-Pacific
d51ffb2e-4ee0-4a0d-8b7b-3f33dd3c37c3,ORD-10233,8dcc76be-c793-4e2c-a5ad-c1787213caf2,2026-01-10 05:51:51.981843,260,Asia-Pacific
bd621ff4-df7f-4384-8e89-7f6ac10fc8d7,ORD-10234,b2e5b5d2-e4ed-45b9-be67-f5302412df3a,2025-11-12 22:51:51.981843,270,Latin America
e8a4ba74-cba1-47dd-aead-aac697bb0b15,ORD-10235,7a8b99a9-3540-4eb5-8084-3c075f9f8d2b,2026-03-02 01:51:51.981843,1170,North America
46540ebb-581f-4496-87a9-625d9fac82cf,ORD-10236,e0b48299-969d-4821-a617-28ddd9a9bdb2,2026-09-25 07:51:51.981843,470,Europe
e88f975a-7c38-4c78-8789-5076019452da,ORD-10237,5f0587f7-5478-4d98-b34b-054f5cdb1930,2026-07-23 19:51:51.981843,670,Asia-Pacific
c08f1dcc-e628-4f9d-9a50-76e998d6a503,ORD-10238,d2733d94-d702-46f2-87d7-445b8482d239,2026-08-05 03:51:51.981843,3600,Asia-Pacific
1a2b0e94-ce24-4b30-9bbe-a06518cfbb4e,ORD-10239,265313c2-489f-4e58-8fa9-f525c0811f19,2026-02-03 01:51:51.981843,390,Latin America
e2de1dc8-a04d-4693-8382-94de2114c098,ORD-10240,219d2646-fad0-467f-b6c9-c082c5dc0b0e,2026-06-24 10:51:51.981843,1610,Europe
e76bad0c-31b1-400e-8fa9-ef4ccb9b1949,ORD-10241,99f23e2a-3e7f-450f-875f-024d248d7fd0,2026-02-10 17:51:51.981843,310,Asia-Pacific
47124654-6ce4-401f-b650-1c7f3b8862dc,ORD-10242,ce4f4752-b3b0-4ac7-aff1-e4f53cad85ae,2026-06-24 16:51:51.981843,2930,North America
b52bf94d-6b12-4d5a-a519-d65aa814b808,ORD-10243,f2bad294-c3b3-4b19-b6c9-f2cc31a2c7e8,2026-09-08 13:51:51.981843,220,Latin America
eaa4bd7e-8d16-4126-af5d-b48c9f74de46,ORD-10244,8c380f35-205c-41aa-8d27-caab897ffe8d,2026-06-16 18:51:51.981843,1040,North America
67a1bfe2-aa5d-4ea8-9140-c3fefeff47e0,ORD-10245,c6d7af07-8be3-4eb2-922b-6a7b620e5db6,2026-09-08 03:51:51.981843,1460,Asia-Pacific
711c7677-2732-4e05-b426-36c9c01a551b,ORD-10246,a87cc3fa-13c7-4d9b-b43d-1e2ae50ca6c3,2026-02-24 22:51:51.981843,1030,Europe
8006d85e-b024-494d-8951-50d0731f06af,ORD-10247,ee95f507-92c5-4ffc-9c03-85d2dd64240b,2026-07-19 05:51:51.981843,1390,North America
72fdf65d-9fb5-4d8f-8f07-6778bc86eba9,ORD-10248,ee160220-9672-4183-aa1a-cdd1048fbb6a,2026-08-27 20:51:51.981843,1500,North America
0cfe8d06-0cac-4ddd-ae4e-782405f0b5fd,ORD-10249,03a1d475-19f5-4957-a090-d8c662612018,2026-03-24 03:51:51.981843,1660,Asia-Pacific
fc50582d-c9ae-4b85-b355-0743a458c5b2,ORD-10250,b423d7ba-5a26-425d-8fd1-79b94262b849,2026-08-02 17:51:51.981843,80,Latin America
dc2a9424-9956-475f-8b71-cdd524aa2bfd,ORD-10251,8f6ee0ba-0d20-4792-b1ae-0e3c58fa159b,2026-06-24 10:51:51.981843,400,Europe
e952cb20-c05c-4be2-9642-6cd6219a63a8,ORD-10252,6574bb14-2a0e-42af-af8f-a33d9891af0e,2026-06-23 04:51:51.981843,600,North America
83518580-c841-4291-b58a-461effb17039,ORD-10253,783853c0-5177-42fd-a58c-7eb6534a9866,2026-06-29 08:51:51.981843,1140,North America
0ef140c3-8496-4ef4-8f44-17a5869098eb,ORD-10254,a4349253-1934-43b5-904b-16180cd73867,2025-11-12 03:51:51.981843,750,Latin America
93321d54-cd5c-49bd-8468-718bbc54c9d4,ORD-10255,13a3cca5-cc79-4ba2-8a07-4e96d6818589,2026-04-06 15:51:51.981843,3840,North America
88ffb9dc-331d-437e-9e30-0a3674858cc3,ORD-10256,c2f49716-ee02-451d-8391-7df0e25f4dd9,2026-08-14 23:51:51.981843,3600,North America
2f679ccc-494e-4f0b-810d-d447fe06f763,ORD-10257,4420a7bb-9038-4cdb-9a5f-cdce62170bb8,2026-09-19 05:51:51.981843,680,North America
f5990e29-a3e2-4719-9c2e-e010601d227b,ORD-10258,265313c2-489f-4e58-8fa9-f525c0811f19,2026-08-16 19:51:51.981843,2680,Latin America
682cdf9d-d6ab-42c9-b889-12655e038a95,ORD-10259,4bfed311-8f6e-461f-9ee1-6fcf22cc9b4f,2026-07-06 12:51:51.981843,930,Latin America
485bae96-6e2d-409f-b845-52e107227a84,ORD-10260,9e05f53c-940e-4c91-a759-396fda5017d1,2026-07-07 20:51:51.981843,1350,North America
107e5439-1ed8-42ac-ac70-d8f46ffd2fb2,ORD-10261,f8de3f44-1317-412c-8a76-c1456af74970,2026-08-13 13:51:51.981843,380,Asia-Pacific
7cc5d354-a16c-4453-9113-d2bf31d51a60,ORD-10262,83baa17b-4f22-4202-9917-3d4af1e62717,2026-02-20 13:51:51.981843,1350,Latin America
9e5e4763-8bbb-45a0-92d1-482b40c83846,ORD-10263,560eedbf-8f2a-476d-9d41-c24a59117fee,2026-06-11 10:51:51.981843,2020,Latin America
1d7f98e2-283a-472c-9b8b-52a77695150b,ORD-10264,7a8b99a9-3540-4eb5-8084-3c075f9f8d2b,2026-08-18 08:51:51.981843,260,North America
c44d0861-93b2-4a01-89b3-fa3b2df973a6,ORD-10265,560eedbf-8f2a-476d-9d41-c24a59117fee,2026-10-01 18:51:51.981843,510,Latin America
e19afe1b-1b96-47ec-be06-2647d8afda22,ORD-10266,8f6ee0ba-0d20-4792-b1ae-0e3c58fa159b,2026-01-29 05:51:51.981843,1550,Europe
b779943d-61ab-4745-b2da-86a1ffafc643,ORD-10267,f8de3f44-1317-412c-8a76-c1456af74970,2025-10-08 11:51:51.981843,880,Asia-Pacific
b0a51cd2-3053-491c-a9d0-c1ff28f13deb,ORD-10268,560eedbf-8f2a-476d-9d41-c24a59117fee,2026-09-29 02:51:51.981843,1250,Latin America
76d62496-1381-44bc-9e23-7c3342ad6556,ORD-10269,3dbc83eb-5162-4261-b7c3-e56006fe4e95,2026-09-26 04:51:51.981843,810,Latin America
cc9d5a7c-e150-4b3a-8bac-4624ec1174c3,ORD-10270,83baa17b-4f22-4202-9917-3d4af1e62717,2026-09-29 23:51:51.981843,200,Latin America
c9c8e073-a6ca-4f2c-8006-85465c858564,ORD-10271,4b912074-e32e-482a-8ea2-5011697943c4,2025-11-10 03:51:51.981843,3900,North America
4c19c00c-cfd6-467a-af7e-eb33accf32c8,ORD-10272,ab357c8d-53d4-4bdb-a281-4f85446fb849,2026-02-19 10:51:51.981843,1540,Latin America
3035e219-33e9-49f4-b183-9c917dbfa31a,ORD-10273,bf8f8a2e-ba56-4410-a521-97deb6d00dad,2026-04-27 07:51:51.981843,1190,Europe
94ab5c70-90a5-429d-996b-1b9968cbfbdb,ORD-10274,29a876ba-1ae6-4962-8594-34234067049c,2026-01-06 17:51:51.981843,3950,Asia-Pacific
36c4c846-31f0-4feb-8f64-72cdad5ede22,ORD-10275,03a1d475-19f5-4957-a090-d8c662612018,2026-05-29 20:51:51.981843,900,Asia-Pacific
8f61b0c0-d843-431f-b75a-8728498b4284,ORD-10276,53a63db3-5b3f-4bef-8e39-d1162a4d248d,2025-12-03 04:51:51.981843,1100,Asia-Pacific
89d4a542-3a6e-45ad-bcf6-846e77782ca8,ORD-10277,7fd30fcb-c526-4218-9819-512a0ae85515,2026-09-16 14:51:51.981843,560,North America
5f901127-e519-47a4-a1ee-c5caf7fc3905,ORD-10278,d2733d94-d702-46f2-87d7-445b8482d239,2026-03-14 12:51:51.981843,1620,Asia-Pacific
8a75996b-23fe-4d15-996c-cf3677eb781a,ORD-10279,7addc79c-bf33-4bc4-9dd6-5afb587e3e28,2026-07-18 09:51:51.981843,3010,Europe
fcee57cb-17a4-442c-accd-edf63eec451c,ORD-10280,fdccb4a6-d388-4eb3-8765-e511b7dad032,2025-10-03 12:51:51.981843,900,Europe
36897032-7996-47a6-92f0-68d853cff251,ORD-10281,dfc4b4e1-fc03-4538-87b5-5a53329ae2c7,2026-04-29 01:51:51.981843,450,Asia-Pacific
cb5fe7dd-a926-4564-872f-daacdf4632ce,ORD-10282,b4b6f339-4ad8-4a9b-b71d-8b41af31190a,2026-01-24 08:51:51.981843,500,Asia-Pacific
5b8f1c7e-3eae-4f93-a24a-b0a5ed68a55a,ORD-10283,de556887-a4fc-4518-846a-8992b69a5e30,2025-12-17 11:51:51.981843,2750,Europe
1c69c521-1845-4efa-a9d4-afa5cd07801f,ORD-10284,330cc5b2-c249-42c7-b360-6dbb41534b8f,2026-05-16 12:51:51.981843,390,Asia-Pacific
9b38fb51-c10a-43e6-b679-cab4f924a92b,ORD-10285,5a5a058d-fc78-4b01-ba39-8ba5fbf80edd,2026-08-18 16:51:51.981843,3900,Europe
11364f28-e671-4fa3-b0f5-ba3648205a46,ORD-10286,29a876ba-1ae6-4962-8594-34234067049c,2025-11-14 22:51:51.981843,960,Asia-Pacific
bf818181-1ca6-4f1c-b710-3791d3bfa4a3,ORD-10287,e0b48299-969d-4821-a617-28ddd9a9bdb2,2026-02-20 05:51:51.981843,780,Europe
aa18cf96-eaa9-4ff1-94e8-960e3c1cba5b,ORD-10288,d84c66f2-7869-45ad-a96d-4d67941ca5b2,2026-04-17 20:51:51.981843,2910,Asia-Pacific
1a10a6b8-ca58-4de6-8fe8-d8cc295e798b,ORD-10289,4420a7bb-9038-4cdb-9a5f-cdce62170bb8,2025-11-20 10:51:51.981843,2000,North America
e44f4ca2-8932-450b-832f-61b465cb8071,ORD-10290,29a876ba-1ae6-4962-8594-34234067049c,2026-02-18 00:51:51.981843,3330,Asia-Pacific
de2f386a-aab2-4b21-8b06-0765ea651e9d,ORD-10291,b9507172-a17e-43ab-b593-1148522a386d,2026-06-14 21:51:51.981843,4650,Latin America
efba1cf2-555a-4145-941e-c830f4eec479,ORD-10292,a9ff92af-dea5-4d60-89b1-37aa5500818d,2025-10-23 15:51:51.981843,860,Asia-Pacific
a5e8b698-e9d0-4cc4-8bae-99794185ca41,ORD-10293,02849ea3-f7c1-4821-9432-d8f3cb7cdf79,2026-02-27 10:51:51.981843,770,North America
1495f299-e07e-40d0-b999-a61192131804,ORD-10294,62e84bfa-cc2d-45f1-a5e7-11c98861bbca,2025-11-28 11:51:51.981843,1350,Latin America
9cea9f20-c9f6-4b34-82d8-7d97b39c80b0,ORD-10295,ef312edc-92a0-4c63-ba7e-6f2ccbf234ae,2026-09-24 13:51:51.981843,880,Europe
c86195ae-abad-4a4d-93e4-ab299468dc7c,ORD-10296,ef312edc-92a0-4c63-ba7e-6f2ccbf234ae,2026-07-28 06:51:51.981843,1800,Europe
d6fc0cc9-dc7f-491e-a7f1-3449f3195a9a,ORD-10297,81370ed9-1b1b-4d93-9776-3d16631d2ff9,2026-01-28 12:51:51.981843,920,Asia-Pacific
2e25472b-0aef-48ee-9359-6586344b661c,ORD-10298,81370ed9-1b1b-4d93-9776-3d16631d2ff9,2026-04-29 22:51:51.981843,4460,Asia-Pacific
fb087496-a363-4dc1-bc95-1749407146f7,ORD-10299,0e107795-5385-4c54-9a97-76e8a97b770c,2026-06-05 09:51:51.981843,1850,Latin America
0c4479bb-ba57-44ec-baf3-0abd6626a289,ORD-10300,7fd30fcb-c526-4218-9819-512a0ae85515,2026-10-03 00:51:51.981843,710,North America
967cec39-bac3-4d27-ad26-031156e8b965,ORD-10301,8de207d5-5a1b-4b87-9550-c335e7c402f3,2026-08-18 02:51:51.981843,260,Europe
3901a396-a6ae-463d-8171-8becc970e54f,ORD-10302,5a94bd94-dce9-47cb-97cc-4fb880144b46,2026-02-05 08:51:51.981843,5070,Asia-Pacific
6e8c38a6-452b-4a11-92aa-b572f2f6bd6b,ORD-10303,6a28f6c5-a142-4420-a22e-314fb70928ac,2026-09-21 01:51:51.981843,1930,Asia-Pacific
c7ee06e2-931c-4935-81e8-1ebf61d03f85,ORD-10304,ee160220-9672-4183-aa1a-cdd1048fbb6a,2026-04-18 09:51:51.981843,160,North America
54e7b809-ad4e-4f66-89f9-fd0469675f47,ORD-10305,b4b6f339-4ad8-4a9b-b71d-8b41af31190a,2026-04-11 01:51:51.981843,400,Asia-Pacific
5e608835-65f9-462e-a398-791125cf0bef,ORD-10306,2cc9e68d-106a-4d5b-8498-6c6472df6be4,2026-04-06 07:51:51.981843,890,Latin America
9fc4d122-434b-4847-af4c-d6d57aa8db91,ORD-10307,10eb0537-7b03-4660-99ab-ea8012d1b6d0,2026-02-23 09:51:51.981843,920,Asia-Pacific
c8235256-d4e3-4ff4-8ebb-fd754eb10259,ORD-10308,8de207d5-5a1b-4b87-9550-c335e7c402f3,2025-10-18 03:51:51.981843,2140,Europe
9808ec4e-ac7d-42a8-a6a7-78942848072d,ORD-10309,fc4de5d2-ab92-4683-8544-582bce18ca1d,2026-07-05 14:51:51.981843,1080,Europe
6a5da31a-c314-4ee3-adeb-5731b0e817ec,ORD-10310,258f77c0-b090-4331-8f32-93173d27298c,2025-12-11 03:51:51.981843,470,Latin America
b028b17d-56d8-4386-978b-eb230f86f3c5,ORD-10311,6574bb14-2a0e-42af-af8f-a33d9891af0e,2026-01-23 02:51:51.981843,780,North America
2433d8fa-1f30-46a6-b400-3ba313a7f169,ORD-10312,3dbc83eb-5162-4261-b7c3-e56006fe4e95,2026-08-01 14:51:51.981843,1350,Latin America
9929519e-2379-403d-8314-d13a4c41b09d,ORD-10313,8de207d5-5a1b-4b87-9550-c335e7c402f3,2026-03-06 05:51:51.981843,2250,Europe
bd0e36c6-88e3-47a1-8642-fc9c213fba84,ORD-10314,fc4de5d2-ab92-4683-8544-582bce18ca1d,2026-08-11 04:51:51.981843,1460,Europe
10accab2-be73-4187-b688-3950397b5930,ORD-10315,e0b48299-969d-4821-a617-28ddd9a9bdb2,2026-08-06 13:51:51.981843,300,Europe
62475617-9862-4595-9d6e-554079842daf,ORD-10316,ae40465c-7d33-4e95-a766-bd9032bda1d1,2026-08-26 00:51:51.981843,750,Europe
c8190a10-7f38-459a-899f-77aa8ec8b66e,ORD-10317,b4b6f339-4ad8-4a9b-b71d-8b41af31190a,2025-10-08 23:51:51.981843,990,Asia-Pacific
bfafc997-fc08-4f14-b330-a1f340a5ae94,ORD-10318,4420a7bb-9038-4cdb-9a5f-cdce62170bb8,2026-06-21 12:51:51.981843,750,North America
97390e1e-5bd5-4926-b69a-678932cfe6ac,ORD-10319,a4349253-1934-43b5-904b-16180cd73867,2025-12-27 05:51:51.981843,4380,Latin America
f534bc07-a1fc-461a-9d6e-ec0a7b6f0543,ORD-10320,505d5054-6063-4851-8a66-3b1d6d3079e8,2026-03-18 18:51:51.981843,3600,Europe
13b460c4-57ab-4745-94ff-f238a4841f3a,ORD-10321,03a1d475-19f5-4957-a090-d8c662612018,2026-04-13 08:51:51.981843,790,Asia-Pacific
928e61fe-76e2-46cc-93de-e4dfabd79897,ORD-10322,265313c2-489f-4e58-8fa9-f525c0811f19,2026-06-21 16:51:51.981843,1890,Latin America
ab175f3e-af47-4b45-8d66-ffec64ce0555,ORD-10323,d2733d94-d702-46f2-87d7-445b8482d239,2026-05-25 06:51:51.981843,1190,Asia-Pacific
c1c10728-7d19-48dd-b46a-07dd85bef9d0,ORD-10324,1a2ea3b4-f866-46a6-8753-2b569d5f73d8,2026-02-20 23:51:51.981843,830,Europe
aead984c-60d9-43f6-bcf2-5d5016c6349e,ORD-10325,e3d9ceff-bcf4-452f-a070-22a6f88cfe7a,2025-11-06 23:51:51.981843,400,Asia-Pacific
9024a523-3aa9-42d9-809b-74a730c49612,ORD-10326,883fbffd-3394-4925-b895-d939e06dc8f0,2026-03-16 05:51:51.981843,550,North America
ddac2bfb-a594-4b60-b98d-986e99152485,ORD-10327,8de207d5-5a1b-4b87-9550-c335e7c402f3,2025-11-13 05:51:51.981843,1590,Europe
64278f6b-9789-4b1b-b663-fd7f703b6f28,ORD-10328,62e84bfa-cc2d-45f1-a5e7-11c98861bbca,2026-06-12 01:51:51.981843,330,Latin America
77b74fea-9edb-4c46-8e5d-406af67cf844,ORD-10329,e8848a26-698c-4b95-8b59-74b9cb3258d2,2026-07-06 02:51:51.981843,160,Asia-Pacific
cc06b2f1-d753-4147-9f85-626bcab38291,ORD-10330,02849ea3-f7c1-4821-9432-d8f3cb7cdf79,2025-11-06 23:51:51.981843,710,North America
92617c2a-d9de-4ad4-9422-96bea791d4de,ORD-10331,8c380f35-205c-41aa-8d27-caab897ffe8d,2025-10-14 11:51:51.981843,800,North America
f0351f46-d1dc-4a64-a980-6ab35b502ad1,ORD-10332,de556887-a4fc-4518-846a-8992b69a5e30,2026-01-11 05:51:51.981843,480,Europe
488901dc-11d3-463f-93ea-be4a08419161,ORD-10333,a4349253-1934-43b5-904b-16180cd73867,2026-02-19 18:51:51.981843,2340,Latin America
ad1c7359-a20c-4da3-b49e-0d65505c7a1f,ORD-10334,9ece0915-72c3-4292-b9d5-8cbe2aac1c69,2025-10-17 03:51:51.981843,1280,North America
b33e3036-7b3c-4cae-97e5-720a11b580ec,ORD-10335,fc4de5d2-ab92-4683-8544-582bce18ca1d,2026-06-28 03:51:51.981843,1260,Europe
0a24231c-8faa-41b7-9639-f8217b7b8ed3,ORD-10336,f872125e-b976-4052-9b1a-13e9a99d61f7,2026-05-30 07:51:51.981843,1900,North America
a2d11a4f-3bba-40dd-ab2f-65d1a7fe4db3,ORD-10337,5a94bd94-dce9-47cb-97cc-4fb880144b46,2026-01-15 14:51:51.981843,600,Asia-Pacific
eb64234f-cf9f-4872-94e5-e407f330d7fd,ORD-10338,10eb0537-7b03-4660-99ab-ea8012d1b6d0,2025-10-23 16:51:51.981843,570,Asia-Pacific
ccb23728-fc79-4d00-bf0d-5c3e4ec6c11e,ORD-10339,0e107795-5385-4c54-9a97-76e8a97b770c,2026-01-15 11:51:51.981843,1610,Latin America
b9d34f63-6bee-4cc4-b706-9a54937f4b53,ORD-10340,10eb0537-7b03-4660-99ab-ea8012d1b6d0,2025-10-31 11:51:51.981843,250,Asia-Pacific
8472c8d2-01d9-48b9-af26-d20503be1ad0,ORD-10341,1a2ea3b4-f866-46a6-8753-2b569d5f73d8,2026-03-13 21:51:51.981843,450,Europe
34cdac71-15b6-4319-bac5-998b0ed08f64,ORD-10342,a9ff92af-dea5-4d60-89b1-37aa5500818d,2026-09-10 12:51:51.981843,4380,Asia-Pacific
3a438b82-5af5-4e12-a5ea-9085b2004b22,ORD-10343,1a54bf19-628f-4bd2-882d-4ad5ce57e68b,2026-01-08 18:51:51.981843,1140,Asia-Pacific
49bf4294-78d7-4853-b0ec-36b450ef001e,ORD-10344,da68d73f-8d0b-4bce-b709-5ca4217d218a,2025-10-24 00:51:51.981843,1680,Asia-Pacific
4028ab5e-2156-4675-a591-17e8c91eadf2,ORD-10345,ab357c8d-53d4-4bdb-a281-4f85446fb849,2026-07-18 07:51:51.981843,440,Latin America
ea39bdd2-adf6-4ed4-b546-c567fbc23978,ORD-10346,da0ef8fa-1854-46d9-aad9-47f166080399,2026-07-20 11:51:51.981843,2220,Asia-Pacific
10e33c5c-adf9-444a-a6e9-a11c6ff323e3,ORD-10347,da0ef8fa-1854-46d9-aad9-47f166080399,2025-12-29 12:51:51.981843,180,Asia-Pacific
5c6fc014-167f-48c6-9b12-2c6529fc30e5,ORD-10348,26b4c7ae-9a11-49c7-a875-967e3fbac83e,2025-11-10 07:51:51.981843,1710,North America
e37c8e1b-0269-4cd2-b9ba-f1ba98288902,ORD-10349,e2351305-fc23-448e-95f9-64e364b77e2c,2026-02-17 02:51:51.981843,4510,Asia-Pacific
a44d3800-cb26-477e-bf8e-0db6e5d25aa8,ORD-10350,e3d9ceff-bcf4-452f-a070-22a6f88cfe7a,2026-02-20 15:51:51.981843,990,Asia-Pacific
75bd4034-8ad3-4a95-8449-a0a8d1564b6c,ORD-10351,fdccb4a6-d388-4eb3-8765-e511b7dad032,2026-06-16 10:51:51.981843,1400,Europe
9cc88313-c426-4b2e-a295-3ca1c08c4ef2,ORD-10352,53a63db3-5b3f-4bef-8e39-d1162a4d248d,2025-10-24 17:51:51.981843,750,Asia-Pacific
07df8d5e-686a-4fc9-8874-8409878640a6,ORD-10353,b4b6f339-4ad8-4a9b-b71d-8b41af31190a,2026-01-20 00:51:51.981843,2000,Asia-Pacific
5c31810a-0c2f-4ed9-aca8-5c66bc365cee,ORD-10354,c6d7af07-8be3-4eb2-922b-6a7b620e5db6,2026-02-26 12:51:51.981843,1890,Asia-Pacific
b12f9338-f853-4d1d-90ec-a36cb16be801,ORD-10355,4420a7bb-9038-4cdb-9a5f-cdce62170bb8,2026-08-22 16:51:51.981843,150,North America
c0bc49f9-89b7-4d42-8aa9-9420e5f32bee,ORD-10356,8f6ee0ba-0d20-4792-b1ae-0e3c58fa159b,2026-08-23 22:51:51.981843,2010,Europe
8dc6e58d-140b-42ae-8361-90ec875bab10,ORD-10357,c2f49716-ee02-451d-8391-7df0e25f4dd9,2025-10-24 05:51:51.981843,2160,North America
d88317c0-d2e3-4495-8516-c9e7ce867c25,ORD-10358,6c76160f-15c7-449a-b9dc-b69b50a7de94,2026-03-28 13:51:51.981843,1590,Europe
0289e191-ae8d-46b5-bd10-bd9bc5c7d13e,ORD-10359,81370ed9-1b1b-4d93-9776-3d16631d2ff9,2026-01-10 12:51:51.981843,930,Asia-Pacific
7ce74862-ead4-4bf4-ac4b-f2bad497ddbf,ORD-10360,8c380f35-205c-41aa-8d27-caab897ffe8d,2026-03-17 19:51:51.981843,490,North America
7b473837-5121-4675-8a47-76a33b81d3e4,ORD-10361,8a84d16b-1fbe-4fbe-a2e6-933ce1313e23,2025-10-15 17:51:51.981843,500,Asia-Pacific
d1cce986-b153-4874-ad22-8d7109bad144,ORD-10362,5a5a058d-fc78-4b01-ba39-8ba5fbf80edd,2026-09-15 07:51:51.981843,780,Europe
610ea4e6-16fe-4e98-b5d1-44085bc09a62,ORD-10363,03a1d475-19f5-4957-a090-d8c662612018,2026-05-20 07:51:51.981843,2290,Asia-Pacific
24ab4255-a6a5-4ca3-9cda-3dadee42ddfa,ORD-10364,ee95f507-92c5-4ffc-9c03-85d2dd64240b,2026-05-21 10:51:51.981843,2400,North America
6e012c95-6957-49f2-b945-3bff1c281275,ORD-10365,de556887-a4fc-4518-846a-8992b69a5e30,2026-08-25 16:51:51.981843,640,Europe
0aaf08ef-a7f3-4328-9e5e-edce263b8e36,ORD-10366,26b4c7ae-9a11-49c7-a875-967e3fbac83e,2026-02-01 22:51:51.981843,2250,North America
74f2d6fc-3941-4c17-97f5-f9bd484003b9,ORD-10367,5a94bd94-dce9-47cb-97cc-4fb880144b46,2026-03-26 19:51:51.981843,890,Asia-Pacific
66359720-9a05-4fa5-b107-5a8ec7a07331,ORD-10368,ce4f4752-b3b0-4ac7-aff1-e4f53cad85ae,2026-05-07 01:51:51.981843,810,North America
b25466f6-f1f7-4f91-9867-1f573b2cb399,ORD-10369,8dcc76be-c793-4e2c-a5ad-c1787213caf2,2026-08-25 23:51:51.981843,840,Asia-Pacific
2464b599-e66e-4ed1-908e-66fade636f80,ORD-10370,83baa17b-4f22-4202-9917-3d4af1e62717,2026-01-29 01:51:51.981843,1910,Latin America
0e5ea47e-339b-4fa0-93c1-7baa8129ecbe,ORD-10371,c1c77a82-c280-4872-8c09-9c7752f7fa07,2026-08-21 17:51:51.981843,1130,Asia-Pacific
fbc1b96a-881b-4b0e-8c1e-46443b990fb2,ORD-10372,e2351305-fc23-448e-95f9-64e364b77e2c,2026-08-25 20:51:51.981843,710,Asia-Pacific
fe668926-b2e4-49c2-a99b-cbe2d05e7d50,ORD-10373,dee1be6e-7782-40fb-b9e1-29435c681dab,2026-04-10 01:51:51.981843,710,Europe
e9f40716-8d88-48c0-9ab6-a37621329591,ORD-10374,e8848a26-698c-4b95-8b59-74b9cb3258d2,2026-03-27 17:51:51.981843,90,Asia-Pacific
00673b4c-6c85-45e1-8f20-259ea8ff2148,ORD-10375,83baa17b-4f22-4202-9917-3d4af1e62717,2026-08-13 08:51:51.981843,2980,Latin America
98f11db2-fa40-4c4e-933f-0e261ce1210f,ORD-10376,d2733d94-d702-46f2-87d7-445b8482d239,2026-05-29 05:51:51.981843,970,Asia-Pacific
6069b197-ef33-4a40-b2e8-36020092abe9,ORD-10377,a4349253-1934-43b5-904b-16180cd73867,2026-08-17 01:51:51.981843,260,Latin America
484e437d-2df0-4953-a379-04f2bb92a449,ORD-10378,5a5a058d-fc78-4b01-ba39-8ba5fbf80edd,2026-07-17 12:51:51.981843,350,Europe
8a10e556-4c99-4aba-8033-960de7706d94,ORD-10379,0aee27c3-9612-42e4-99c1-fe49214add52,2026-08-16 15:51:51.981843,7200,Latin America
b4c3e062-5a9d-4168-b9e2-45a37d95833b,ORD-10380,a9ff92af-dea5-4d60-89b1-37aa5500818d,2026-02-20 21:51:51.981843,300,Asia-Pacific
8f4425be-1183-42ae-96e2-a72ccb1e6e81,ORD-10381,da68d73f-8d0b-4bce-b709-5ca4217d218a,2026-06-03 16:51:51.981843,440,Asia-Pacific
f8bf7e5f-de2c-4a0f-a54f-785a6e0825da,ORD-10382,17a17fb0-c234-4805-bd0a-c03353d08bab,2025-11-03 17:51:51.981843,1320,North America
6611b185-1e59-499c-abae-5ec99d4b3dce,ORD-10383,5a94bd94-dce9-47cb-97cc-4fb880144b46,2026-05-17 01:51:51.981843,1070,Asia-Pacific
0fd3b397-4286-4948-a6cb-d31bd64882fa,ORD-10384,8f6ee0ba-0d20-4792-b1ae-0e3c58fa159b,2025-10-19 21:51:51.981843,310,Europe
59653741-b322-484a-b52e-4ca17d3c3ec8,ORD-10385,254b299a-febb-4487-bc65-ba8f30dd63b9,2026-02-09 17:51:51.981843,1440,Latin America
e786c5fe-de79-4ce1-8efa-13f0a852c0a7,ORD-10386,8dcc76be-c793-4e2c-a5ad-c1787213caf2,2025-12-29 11:51:51.981843,1000,Asia-Pacific
12bdf777-e688-4f20-8299-3bd741386ff5,ORD-10387,7fd30fcb-c526-4218-9819-512a0ae85515,2025-11-07 08:51:51.981843,1010,North America
0b3952f5-2a9d-427d-87d7-d713b9d38fa2,ORD-10388,2cc9e68d-106a-4d5b-8498-6c6472df6be4,2026-03-30 04:51:51.981843,5800,Latin America
c7d2f190-5e2d-44a9-89dd-f37e095f56bf,ORD-10389,13a3cca5-cc79-4ba2-8a07-4e96d6818589,2025-11-24 23:51:51.981843,1100,North America
a666c25b-4042-47ef-8192-bd1b9fafecce,ORD-10390,4b912074-e32e-482a-8ea2-5011697943c4,2026-02-27 21:51:51.981843,450,North America
6d178334-9de4-43ab-9914-0dbdf8622619,ORD-10391,8c380f35-205c-41aa-8d27-caab897ffe8d,2026-07-15 02:51:51.981843,2070,North America
a2cca188-876f-4244-9c7f-99593cb28980,ORD-10392,6c76160f-15c7-449a-b9dc-b69b50a7de94,2026-08-18 05:51:51.981843,2870,Europe
d3ee96ea-f5e4-4889-85c8-7f570b97d065,ORD-10393,99f23e2a-3e7f-450f-875f-024d248d7fd0,2026-03-05 10:51:51.981843,750,Asia-Pacific
582ff932-fa24-458b-bfc6-e7444497850f,ORD-10394,f2bad294-c3b3-4b19-b6c9-f2cc31a2c7e8,2026-01-14 11:51:51.981843,1300,Latin America
2d76613c-e955-4d09-9d43-22e63d0be60a,ORD-10395,d2733d94-d702-46f2-87d7-445b8482d239,2026-02-09 14:51:51.981843,1070,Asia-Pacific
0083913f-c59d-4221-97ba-5e832897cb7b,ORD-10396,bf8f8a2e-ba56-4410-a521-97deb6d00dad,2025-12-26 01:51:51.981843,610,Europe
820b60f6-9a83-455f-a11e-316ff6d39950,ORD-10397,e2351305-fc23-448e-95f9-64e364b77e2c,2025-12-14 01:51:51.981843,640,Asia-Pacific
ff785467-95c9-4851-8985-7e475bf65481,ORD-10398,6c76160f-15c7-449a-b9dc-b69b50a7de94,2026-06-16 22:51:51.981843,240,Europe
f26a4ac9-b169-4247-8fd6-dd68385404c1,ORD-10399,a9ff92af-dea5-4d60-89b1-37aa5500818d,2025-10-24 13:51:51.981843,3600,Asia-Pacific
25bb5b3a-43ce-4c44-9bf1-7ee51a560b26,ORD-10400,73725ace-c2a0-4ab7-a116-a248233137cc,2026-06-20 05:51:51.981843,1580,Asia-Pacific
c4d5b27e-a316-4441-9f7f-e63f5f55d4af,ORD-10401,bcbd5a96-17ec-4269-b3a9-e082682679d8,2025-11-26 11:51:51.981843,1400,Asia-Pacific
60fcb8c6-aa4b-42dc-a627-d1c6a71670b0,ORD-10402,6a28f6c5-a142-4420-a22e-314fb70928ac,2026-08-24 04:51:51.981843,1850,Asia-Pacific
b59d13d7-eeb5-4bb9-8197-9d48859b652f,ORD-10403,03a1d475-19f5-4957-a090-d8c662612018,2026-06-08 09:51:51.981843,1540,Asia-Pacific
c9f25154-03c5-4ebb-be81-9a5bbd2a1ca1,ORD-10404,a0e0f6d9-166e-45aa-8245-40e5a02d0c55,2026-03-02 08:51:51.981843,990,Europe
aacf16da-b8e8-4ca7-ba0d-09797b0caffe,ORD-10405,f872125e-b976-4052-9b1a-13e9a99d61f7,2025-12-19 03:51:51.981843,1640,North America
cd379b10-cac4-4b6f-aff8-b5acc95daf61,ORD-10406,62e84bfa-cc2d-45f1-a5e7-11c98861bbca,2026-09-05 05:51:51.981843,450,Latin America
0a940efd-da0d-44c5-86fb-760d1a9a0780,ORD-10407,9ece0915-72c3-4292-b9d5-8cbe2aac1c69,2025-10-30 03:51:51.981843,1150,North America
0284827f-0cac-4e19-9247-27dfc53b9d70,ORD-10408,7a32e3ad-d95c-4345-9693-da7c727081f0,2025-11-07 22:51:51.981843,3300,Asia-Pacific
6602037b-c141-409d-8908-a73ebcb3042b,ORD-10409,5a5a058d-fc78-4b01-ba39-8ba5fbf80edd,2026-08-15 15:51:51.981843,380,Europe
2243f9e2-f9e4-4c80-89e5-d8bca31af79b,ORD-10410,6c76160f-15c7-449a-b9dc-b69b50a7de94,2025-10-15 18:51:51.981843,740,Europe
6d4382a4-ae38-4d37-a023-3772c2a99a2d,ORD-10411,5a94bd94-dce9-47cb-97cc-4fb880144b46,2026-09-02 15:51:51.981843,1100,Asia-Pacific
8487ba0e-5572-4cfd-bc5e-03d6fa485257,ORD-10412,ce4f4752-b3b0-4ac7-aff1-e4f53cad85ae,2025-11-11 06:51:51.981843,4490,North America
b0d2fad8-623d-47ab-b4d0-216150739f25,ORD-10413,7fd30fcb-c526-4218-9819-512a0ae85515,2026-08-08 16:51:51.981843,280,North America
203e6b0d-c4fe-41a3-850e-b91e216ca46d,ORD-10414,3dbc83eb-5162-4261-b7c3-e56006fe4e95,2026-04-29 01:51:51.981843,4290,Latin America
3e799512-31de-4609-8047-281b8d82bc52,ORD-10415,dee1be6e-7782-40fb-b9e1-29435c681dab,2026-01-15 07:51:51.981843,2900,Europe
fac7bbc5-5830-440a-a56b-699eec4202ca,ORD-10416,505d5054-6063-4851-8a66-3b1d6d3079e8,2026-10-02 02:51:51.981843,1750,Europe
8d4e6e60-57d8-41f2-ab78-94b3aeba4e59,ORD-10417,aeae905d-1b3b-4f89-8bef-91c5b4586b51,2025-12-17 12:51:51.981843,1510,Latin America
9adeb939-6579-4a90-ba7f-93da0c5d0663,ORD-10418,00a5d3b1-015a-441b-9645-5bf8bea487ed,2026-07-26 22:51:51.981843,560,Europe
721d6295-9cdc-4de9-8503-cb9056c012fe,ORD-10419,254b299a-febb-4487-bc65-ba8f30dd63b9,2026-03-03 02:51:51.981843,1360,Latin America
464272c4-ea68-4d3e-899b-2fa68f2e86e2,ORD-10420,4bfed311-8f6e-461f-9ee1-6fcf22cc9b4f,2025-11-03 17:51:51.981843,1350,Latin America
e6449b25-05a4-4f75-a03d-42b728cafde2,ORD-10421,045aec22-ea11-468a-891f-ca9f20340f03,2025-11-02 17:51:51.981843,1400,Europe
6895af2c-4263-42ee-9ae3-a5c487705720,ORD-10422,2cc9e68d-106a-4d5b-8498-6c6472df6be4,2025-11-15 16:51:51.981843,2210,Latin America
994ca2f9-6669-466a-ab86-66547ff1d155,ORD-10423,26b4c7ae-9a11-49c7-a875-967e3fbac83e,2026-02-14 23:51:51.981843,2800,North America
f94d3a07-855d-4216-87e6-2fc81b807fa2,ORD-10424,bcbd5a96-17ec-4269-b3a9-e082682679d8,2026-06-13 11:51:51.981843,150,Asia-Pacific
44b538f3-afbe-4ee9-82fc-816cb92041c9,ORD-10425,10eb0537-7b03-4660-99ab-ea8012d1b6d0,2026-04-14 19:51:51.981843,3600,Asia-Pacific
87e99458-20f6-4c0d-8af6-bd09f07efea6,ORD-10426,896cc42a-40f0-43eb-b23f-a05ef0e149a3,2026-02-10 19:51:51.981843,630,Latin America
34bfd774-eb26-44db-85f0-02272412e904,ORD-10427,219d2646-fad0-467f-b6c9-c082c5dc0b0e,2026-05-05 11:51:51.981843,750,Europe
4d196a3f-1525-4e8e-96d1-fda5ba57d618,ORD-10428,265313c2-489f-4e58-8fa9-f525c0811f19,2026-06-11 19:51:51.981843,2100,Latin America
032be7cc-90c2-4558-ae39-e86cca1531f0,ORD-10429,7fd30fcb-c526-4218-9819-512a0ae85515,2026-09-11 18:51:51.981843,2650,North America
03cf7bd4-7eff-4f3c-b3d2-a28245aa14e6,ORD-10430,e3d9ceff-bcf4-452f-a070-22a6f88cfe7a,2026-07-26 11:51:51.981843,740,Asia-Pacific
0e8babda-1f1e-4a7d-b1dc-33cf4655e321,ORD-10431,adc3bde2-9b11-4cb0-b91d-a13a7b71137d,2026-06-01 22:51:51.981843,3600,Asia-Pacific
b5eb3175-02ef-4f5c-b576-69eb038f846e,ORD-10432,da68d73f-8d0b-4bce-b709-5ca4217d218a,2026-03-09 21:51:51.981843,610,Asia-Pacific
4aff73ad-5f9d-46c8-a703-6bf674c74836,ORD-10433,8c380f35-205c-41aa-8d27-caab897ffe8d,2026-07-16 16:51:51.981843,790,North America
5ab346dd-aad0-4a58-9ce8-f8995b08bc1a,ORD-10434,53a63db3-5b3f-4bef-8e39-d1162a4d248d,2025-10-30 17:51:51.981843,880,Asia-Pacific
64779949-5cdc-4170-89c8-8d20e7779dc2,ORD-10435,7e2ea7d5-6b3c-43de-b29a-921ab454bb6b,2026-08-09 19:51:51.981843,2970,Europe
bfb3db03-df99-4537-b515-792df728258d,ORD-10436,da68d73f-8d0b-4bce-b709-5ca4217d218a,2026-03-04 14:51:51.981843,330,Asia-Pacific
4c6b5d58-110e-4583-b211-6a781fa18a26,ORD-10437,ce4f4752-b3b0-4ac7-aff1-e4f53cad85ae,2025-12-27 17:51:51.981843,320,North America
f1fdfc32-7254-4d76-9bd7-3e2a26ac7f1c,ORD-10438,a87cc3fa-13c7-4d9b-b43d-1e2ae50ca6c3,2025-10-26 07:51:51.981843,5150,Europe
42bc8556-43e3-4b7d-917b-163b3b6574ef,ORD-10439,2cc9e68d-106a-4d5b-8498-6c6472df6be4,2026-07-23 17:51:51.981843,490,Latin America
9dc44214-151f-441e-934f-d87718a07ccd,ORD-10440,265313c2-489f-4e58-8fa9-f525c0811f19,2026-08-01 19:51:51.981843,2260,Latin America
2ea73265-b034-4deb-8641-a75bb88a8bf0,ORD-10441,510714c3-b696-4afe-a997-a3996472b19b,2026-02-16 08:51:51.981843,710,Europe
2c110f0d-3fe5-4654-bec2-6c344f7716dc,ORD-10442,330cc5b2-c249-42c7-b360-6dbb41534b8f,2026-08-03 09:51:51.981843,1000,Asia-Pacific
6a0c29aa-581c-4dc5-b3eb-1662175c5bcd,ORD-10443,7e2ea7d5-6b3c-43de-b29a-921ab454bb6b,2025-12-26 02:51:51.981843,190,Europe
3f217f69-a644-4b1f-ab55-fdb54c517433,ORD-10444,c1c77a82-c280-4872-8c09-9c7752f7fa07,2025-12-25 21:51:51.981843,310,Asia-Pacific
c35e4731-090e-41ba-9c6a-b303ba3d89a3,ORD-10445,13a3cca5-cc79-4ba2-8a07-4e96d6818589,2026-03-14 06:51:51.981843,690,North America
ec837463-32ff-4640-9996-3e0af6413736,ORD-10446,6574bb14-2a0e-42af-af8f-a33d9891af0e,2026-09-20 18:51:51.981843,3750,North America
5d33405b-3847-4e17-9364-a7dcc0565d5b,ORD-10447,7a8b99a9-3540-4eb5-8084-3c075f9f8d2b,2026-09-22 14:51:51.981843,1240,North America
27ea6c9e-abf8-47c0-90a0-1e06b50d60a6,ORD-10448,505d5054-6063-4851-8a66-3b1d6d3079e8,2026-01-01 16:51:51.981843,630,Europe
2036e098-26d0-4873-ab1b-956e6bc389ae,ORD-10449,ac9a8801-0aa1-4f71-af3b-6ffb7ee48c04,2026-03-22 18:51:51.981843,1550,Latin America
42c1be1b-3bd4-46bc-88b5-e690b6ae3669,ORD-10450,eb1ab91d-6e0c-4ffa-b48b-12e60a5d0a81,2026-06-14 21:51:51.981843,4020,North America
70a498df-216a-401c-8ed4-a988ee764b79,ORD-10451,5a5a058d-fc78-4b01-ba39-8ba5fbf80edd,2026-07-18 21:51:51.981843,740,Europe
dcb2f6bb-c0d0-4545-be38-ff1f120c764e,ORD-10452,9e05f53c-940e-4c91-a759-396fda5017d1,2026-05-30 05:51:51.981843,1950,North America
a65f71b0-816b-407b-8112-919d1f02971a,ORD-10453,896cc42a-40f0-43eb-b23f-a05ef0e149a3,2026-06-30 03:51:51.981843,4000,Latin America
03f4d721-9c58-4e54-8e19-46a70a331984,ORD-10454,02849ea3-f7c1-4821-9432-d8f3cb7cdf79,2026-09-15 09:51:51.981843,160,North America
dea27587-d8da-421a-8c9b-d41753f30fdc,ORD-10455,e2351305-fc23-448e-95f9-64e364b77e2c,2025-12-10 09:51:51.981843,600,Asia-Pacific
c4702411-a12e-4b0c-ba4b-b9569a71f5b1,ORD-10456,6a28f6c5-a142-4420-a22e-314fb70928ac,2026-02-13 12:51:51.981843,1330,Asia-Pacific
14bb322c-a2f3-4ebd-b73b-b86439fec1e8,ORD-10457,03a1d475-19f5-4957-a090-d8c662612018,2026-05-17 02:51:51.981843,5020,Asia-Pacific
9f105a46-90d8-4f13-b7c0-f2d7c2e07388,ORD-10458,7fd30fcb-c526-4218-9819-512a0ae85515,2026-01-25 07:51:51.981843,2930,North America
492b469a-52a7-46d3-a7fe-82b1fc59f02c,ORD-10459,1a2ea3b4-f866-46a6-8753-2b569d5f73d8,2026-04-10 17:51:51.981843,2800,Europe
946a1ea3-68f7-4776-9ec7-b80da0bf9acc,ORD-10460,510714c3-b696-4afe-a997-a3996472b19b,2025-12-14 00:51:51.981843,1380,Europe
b5b1bd36-e7a6-42dd-ab0c-27a4fe6999c3,ORD-10461,adc3bde2-9b11-4cb0-b91d-a13a7b71137d,2026-06-22 12:51:51.981843,1340,Asia-Pacific
a1a30843-2600-479c-aa9c-5e2099d6048e,ORD-10462,c6d7af07-8be3-4eb2-922b-6a7b620e5db6,2026-01-31 20:51:51.981843,3420,Asia-Pacific
32dc8699-8887-496c-99a0-526df1c5963b,ORD-10463,2cc9e68d-106a-4d5b-8498-6c6472df6be4,2026-06-18 01:51:51.981843,730,Latin America
de28c116-85da-4590-9967-c300a0606253,ORD-10464,17a17fb0-c234-4805-bd0a-c03353d08bab,2025-11-14 10:51:51.981843,1750,North America
67175c1a-98c6-4cb7-acf4-1ab7c951bb87,ORD-10465,89440558-be33-4168-b398-07c0fe56d1c6,2026-05-02 03:51:51.981843,750,Latin America
40f2d645-927d-4490-803b-baac16d147b7,ORD-10466,47df82bc-7e4f-44fa-8f7c-068b48b4c56c,2026-07-27 22:51:51.981843,610,North America
12284d25-8049-4640-8a34-0bf2565e1cb6,ORD-10467,e8848a26-698c-4b95-8b59-74b9cb3258d2,2026-06-07 07:51:51.981843,380,Asia-Pacific
8a1c7429-4e2e-4b6d-9dc9-681399cba9a6,ORD-10468,b2e5b5d2-e4ed-45b9-be67-f5302412df3a,2025-12-11 16:51:51.981843,450,Latin America
98ae57c4-2be8-4030-99a8-e169e6e0675a,ORD-10469,02849ea3-f7c1-4821-9432-d8f3cb7cdf79,2026-01-24 06:51:51.981843,1200,North America
0d816a4a-6386-47e3-89a5-2bc1bf40686b,ORD-10470,02849ea3-f7c1-4821-9432-d8f3cb7cdf79,2026-03-20 03:51:51.981843,260,North America
f153ca35-4acf-4cf4-aba1-2759dbcaaeb4,ORD-10471,d84c66f2-7869-45ad-a96d-4d67941ca5b2,2025-10-06 15:51:51.981843,900,Asia-Pacific
1277e332-6e9a-4e7e-aaf6-5c2c0b508ced,ORD-10472,a4349253-1934-43b5-904b-16180cd73867,2025-10-05 21:51:51.981843,1750,Latin America
523cb5ef-0957-4d32-a385-73dcb23fe594,ORD-10473,00a5d3b1-015a-441b-9645-5bf8bea487ed,2025-12-17 17:51:51.981843,300,Europe
5fce647c-3188-4435-a74e-23c143f967ae,ORD-10474,fdccb4a6-d388-4eb3-8765-e511b7dad032,2026-02-07 20:51:51.981843,1260,Europe
fa0b21c2-f7cf-4ce9-be10-782ce3c1de62,ORD-10475,d2733d94-d702-46f2-87d7-445b8482d239,2026-01-08 19:51:51.981843,1300,Asia-Pacific
8d01b819-c8eb-4606-b1bf-07e630c77e95,ORD-10476,02849ea3-f7c1-4821-9432-d8f3cb7cdf79,2026-04-23 00:51:51.981843,530,North America
b9f8afe9-dc62-4e2a-a074-b2a1400c65cb,ORD-10477,8c380f35-205c-41aa-8d27-caab897ffe8d,2025-11-20 03:51:51.981843,1210,North America
ecb436e2-6538-41b9-aed7-80b7d1849ee8,ORD-10478,d84c66f2-7869-45ad-a96d-4d67941ca5b2,2026-08-07 13:51:51.981843,850,Asia-Pacific
b22eba52-857c-49ed-bb01-d4466e9b495b,ORD-10479,ab357c8d-53d4-4bdb-a281-4f85446fb849,2026-06-01 10:51:51.981843,2400,Latin America
3f3fe998-0309-400c-8244-4b76e1a68583,ORD-10480,26b4c7ae-9a11-49c7-a875-967e3fbac83e,2026-04-27 16:51:51.981843,1900,North America
41524843-f0b3-4e33-b621-2856b7dadb13,ORD-10481,a4349253-1934-43b5-904b-16180cd73867,2026-03-03 01:51:51.981843,3860,Latin America
a9ccc528-bda4-48a2-81d9-e886f81af10a,ORD-10482,a87cc3fa-13c7-4d9b-b43d-1e2ae50ca6c3,2026-07-05 09:51:51.981843,400,Europe
ae71e56f-56fa-4c1f-ae0a-3de493ee8aab,ORD-10483,62e84bfa-cc2d-45f1-a5e7-11c98861bbca,2026-05-07 23:51:51.981843,1230,Latin America
6a61c530-9c48-4efd-bbd4-30528de93c81,ORD-10484,89440558-be33-4168-b398-07c0fe56d1c6,2026-08-09 17:51:51.981843,890,Latin America
dc376a4f-d5f3-4d6f-a62a-f78f2a58166d,ORD-10485,26b4c7ae-9a11-49c7-a875-967e3fbac83e,2026-04-23 00:51:51.981843,1140,North America
358b3fa9-a17e-4a94-aeb9-f80e68830336,ORD-10486,896cc42a-40f0-43eb-b23f-a05ef0e149a3,2026-03-14 22:51:51.981843,880,Latin America
2a4024c3-7b2b-4ef8-969d-3d5551448fed,ORD-10487,29d7ec84-503e-4bce-9660-225420eae903,2025-10-05 19:51:51.981843,260,Latin America
42e04c6d-2bd1-4f1d-8bfd-5b5c95796185,ORD-10488,e0b48299-969d-4821-a617-28ddd9a9bdb2,2026-03-11 03:51:51.981843,2300,Europe
bc8ffe4f-4f3b-40f8-bab7-af367657daf8,ORD-10489,e3d9ceff-bcf4-452f-a070-22a6f88cfe7a,2026-01-10 19:51:51.981843,1090,Asia-Pacific
9213daab-d0a5-4cb8-82dd-a2e407c6b000,ORD-10490,17a17fb0-c234-4805-bd0a-c03353d08bab,2025-11-19 00:51:51.981843,920,North America
15ffa239-b3fd-4d90-90cd-d55817928513,ORD-10491,13a3cca5-cc79-4ba2-8a07-4e96d6818589,2026-09-25 17:51:51.981843,580,North America
171d889e-9d18-455b-87f3-82a4f3e093db,ORD-10492,f872125e-b976-4052-9b1a-13e9a99d61f7,2026-02-02 18:51:51.981843,750,North America
10a5750e-829f-42dc-98e4-982ed635866c,ORD-10493,81370ed9-1b1b-4d93-9776-3d16631d2ff9,2026-02-17 05:51:51.981843,4120,Asia-Pacific
aa8c4f43-58d3-4cd1-bcdd-7e0c860fe4f1,ORD-10494,02849ea3-f7c1-4821-9432-d8f3cb7cdf79,2026-07-27 07:51:51.981843,250,North America
dc53ca3c-2f5f-4ed0-9250-c3cf7040abac,ORD-10495,7fd30fcb-c526-4218-9819-512a0ae85515,2026-03-17 19:51:51.981843,2180,North America
4fbbffd4-8296-4fcf-8325-adf48c9370e4,ORD-10496,a0e0f6d9-166e-45aa-8245-40e5a02d0c55,2026-09-27 22:51:51.981843,400,Europe
bb54d126-1c97-4478-8d67-83f4905de238,ORD-10497,265313c2-489f-4e58-8fa9-f525c0811f19,2026-08-21 21:51:51.981843,390,Latin America
1ca17c26-7e92-4103-8ae9-0878d1f0a7c4,ORD-10498,dfc4b4e1-fc03-4538-87b5-5a53329ae2c7,2025-11-21 20:51:51.981843,3860,Asia-Pacific
b1158440-89f8-4671-bb7b-24359a120154,ORD-10499,4d5b602c-9200-4a0c-95ca-79735db28416,2026-01-20 02:51:51.981843,730,North America
2650eacf-e7a0-4052-b7a7-a4f35608becf,ORD-10500,560eedbf-8f2a-476d-9d41-c24a59117fee,2026-02-24 23:51:51.981843,930,Latin America
